snapshot_utc,id,type,subtype,headline,status,startTime,endTime,lat,lon,lanesBlocked,roadName,direction,source_has_properties,source_has_attributes,raw_json
2025-09-28T19:17:54+00:00,,,,,,,,,,,,,False,False,"{""ID"": 10, ""SourceId"": ""3458465"", ""Organization"": ""GA-Events"", ""RoadwayName"": ""SR 1"", ""DirectionOfTravel"": ""both directions"", ""Description"": ""Road construction on SR 1 both directions at DENTON RD.. 2 right lanes are blocked."", ""Reported"": 1693022400, ""LastUpdated"": 1711201085, ""StartDate"": 1693022400, ""PlannedEndDate"": 1769920200, ""LanesAffected"": ""2 right lanes are blocked."", ""Latitude"": 34.063612, ""Longitude"": -85.232752, ""LatitudeSecondary"": 34.07344, ""LongitudeSecondary"": -85.23352, ""EventType"": ""roadwork"", ""IsFullClosure"": false, ""Severity"": ""3"", ""Comment"": null, ""EncodedPolyline"": ""oe|nE``fgO|CK"", ""Restrictions"": {""Width"": null, ""Height"": null, ""Length"": null, ""Weight"": null, ""Speed"": null}, ""DetourPolyline"": """", ""DetourInstructions"": """", ""Recurrence"": """", ""RecurrenceSchedules"": """", ""Subtype"": ""road construction""}"
2025-09-28T19:17:54+00:00,,,,,,,,,,,,,False,False,"{""ID"": 15, ""SourceId"": ""4080970"", ""Organization"": ""GA-Events"", ""RoadwayName"": ""SR 38"", ""DirectionOfTravel"": ""both directions"", ""Description"": ""Road construction on SR 38 both directions at COMMUNITY DR. 2 lanes blocked."", ""Reported"": 1719442800, ""LastUpdated"": 1752059086, ""StartDate"": 1719442800, ""PlannedEndDate"": 1762030800, ""LanesAffected"": ""2 lanes blocked."", ""Latitude"": 31.23211, ""Longitude"": -82.330672, ""LatitudeSecondary"": 31.24198, ""LongitudeSecondary"": -82.318784, ""EventType"": ""roadwork"", ""IsFullClosure"": false, ""Severity"": ""2"", ""Comment"": null, ""EncodedPolyline"": ""q_s}DreouNYa@uGyIoBmC]c@oAeBcDeE{CuDkB}B_AiAKMKM[_@mA}Ao@w@sAaBMMuAcBy@eAs@}@yBqCwBoCcDiEkA}A"", ""Restrictions"": {""Width"": null, ""Height"": null, ""Length"": null, ""Weight"": null, ""Speed"": null}, ""DetourPolyline"": """", ""DetourInstructions"": """", ""Recurrence"": """", ""RecurrenceSchedules"": """", ""Subtype"": ""road construction""}"
2025-09-28T19:17:54+00:00,,,,,,,,,,,,,False,False,"{""ID"": 17, ""SourceId"": ""4160010"", ""Organization"": ""GA-Events"", ""RoadwayName"": ""SR 38"", ""DirectionOfTravel"": ""e"", ""Description"": ""Road construction on SR 38 Eastbound at JAMES E JOHNSON . 2 right lanes are blocked."", ""Reported"": 1721631600, ""LastUpdated"": 1758808867, ""StartDate"": 1721631600, ""PlannedEndDate"": 1780167600, ""LanesAffected"": ""2 right lanes are blocked."", ""Latitude"": 31.616816, ""Longitude"": -81.874528, ""LatitudeSecondary"": 31.713268, ""LongitudeSecondary"": -81.746056, ""EventType"": ""roadwork"", ""IsFullClosure"": false, ""Severity"": ""2"", ""Comment"": null, ""EncodedPolyline"": ""yc~_EpbvrNEG_AgAKMgDwDWYkCyCGGuA_BmBwBMi@[a@k@m@sB_CqA}A{@cAsA{AUUWUo@i@aAo@iAm@c@Oi@UgA[uAYqAQiAOqBQaASo@Ws@[i@Q_@?yQwHoB{@sKqEQIs@[q@Ys_@aPmL_Fa@QmQuH}@_@wH_Do@W_CaAaDwAyBaA[MYMgBu@m@WeKkEaBs@SIaXcLoAg@kBy@cGkCsCoAuAm@}BaAcAc@gEkBgBw@cBgBgAgAIIk@m@}AuBUq@GSQ[[i@u@kB}@}BgCgHcAsC{DyKoAmDgA}Cc@oAm@aBk@_B}E_NSi@_AgC_AcCeAgC_AqBs@}AyBuEeCaFuDwHsEgJ[m@kIsPyAwC{CkGoCsF{@eBy@eBu@gBk@eBe@cB[}Ag@wCq@{DgAoGYeBCOc@iCc@kCa@aCYaB]oB_@_CSmAQgASkAKi@GQGUO_AUwAs@iEw@gDcAeDoAeDyAgDUg@a@}@O]s@cBg@iAe@gAwDuI}DeJc@aAcFgLmDaIaDmHGOACy@kBs@_BoCmGCGkBkEwAaDWk@yFsMiEyJgEuJgBaEsByEwB}EaBuD{AmDu@cBg@iAKSAEiLwWoEaKsA}C_Rmb@gEsJeC{FiC_GiAgCYq@qAcCyDeJg@kAg@mAg@iAO]GM[u@a@_AIOQa@_AsB[q@s@_BqAwCUi@_@{@sCwGGM_@}@y@qBMYIOO[KUa@aAIS]y@g@mAIQIOa@s@"", ""Restrictions"": {""Width"": null, ""Height"": null, ""Length"": null, ""Weight"": null, ""Speed"": null}, ""DetourPolyline"": """", ""DetourInstructions"": """", ""Recurrence"": """", ""RecurrenceSchedules"": """", ""Subtype"": ""road construction""}"
2025-09-28T19:17:54+00:00,,,,,,,,,,,,,False,False,"{""ID"": 26, ""SourceId"": ""4373390"", ""Organization"": ""GA-Events"", ""RoadwayName"": ""SR 1"", ""DirectionOfTravel"": ""n"", ""Description"": ""Road construction on SR 1 Northbound at DENTON RD.. All lanes closed."", ""Reported"": 1730955600, ""LastUpdated"": 1731041945, ""StartDate"": 1730955600, ""PlannedEndDate"": 1767328200, ""LanesAffected"": ""All lanes closed."", ""Latitude"": 34.063612, ""Longitude"": -85.232752, ""LatitudeSecondary"": 34.07344, ""LongitudeSecondary"": -85.23352, ""EventType"": ""closures"", ""IsFullClosure"": true, ""Severity"": ""3"", ""Comment"": null, ""EncodedPolyline"": ""oe|nE``fgO|CK"", ""Restrictions"": {""Width"": null, ""Height"": null, ""Length"": null, ""Weight"": null, ""Speed"": null}, ""DetourPolyline"": """", ""DetourInstructions"": """", ""Recurrence"": """", ""RecurrenceSchedules"": """", ""Subtype"": ""road construction""}"
2025-09-28T19:17:54+00:00,,,,,,,,,,,,,False,False,"{""ID"": 30, ""SourceId"": ""4381555"", ""Organization"": ""GA-Events"", ""RoadwayName"": ""SR 8"", ""DirectionOfTravel"": ""both directions"", ""Description"": ""Road construction on SR 8 both directions at SR 174. All lanes closed."", ""Reported"": 1731409200, ""LastUpdated"": 1756822040, ""StartDate"": 1731409200, ""PlannedEndDate"": 1761913800, ""LanesAffected"": ""All lanes closed."", ""Latitude"": 34.227708, ""Longitude"": -83.188824, ""LatitudeSecondary"": 34.243364, ""LongitudeSecondary"": -83.176888, ""EventType"": ""closures"", ""IsFullClosure"": true, ""Severity"": ""3"", ""Comment"": null, ""EncodedPolyline"": ""ab|oE~xvzNCAyE{Ce@YkBeAWMm@Sm@Ss@WcAWwA][IOEe@MyBg@eA_@k@[QIe@W{@q@a@[_@c@u@{@uAcBwGaI_GeH}BoC}@kAq@q@u@s@YWCCECIIWM]OoAu@SM_@Sa@Sy@c@sCyA_FiC"", ""Restrictions"": {""Width"": null, ""Height"": null, ""Length"": null, ""Weight"": null, ""Speed"": null}, ""DetourPolyline"": """", ""DetourInstructions"": """", ""Recurrence"": """", ""RecurrenceSchedules"": """", ""Subtype"": ""road construction""}"
2025-09-28T19:17:54+00:00,,,,,,,,,,,,,False,False,"{""ID"": 437352, ""SourceId"": ""4488243"", ""Organization"": ""GA-Events"", ""RoadwayName"": ""SR 1"", ""DirectionOfTravel"": ""both directions"", ""Description"": ""Road construction on SR 1 both directions at DENTON RD. All lanes closed."", ""Reported"": 1736830800, ""LastUpdated"": 1752620902, ""StartDate"": 1736830800, ""PlannedEndDate"": 1769920200, ""LanesAffected"": ""All lanes closed."", ""Latitude"": 34.063612, ""Longitude"": -85.232752, ""LatitudeSecondary"": 34.07344, ""LongitudeSecondary"": -85.23352, ""EventType"": ""closures"", ""IsFullClosure"": true, ""Severity"": ""3"", ""Comment"": null, ""EncodedPolyline"": ""}}}nEzdfgOJAdQo@xLc@~G[pCK|DMhBIf@C"", ""Restrictions"": {""Width"": null, ""Height"": null, ""Length"": null, ""Weight"": null, ""Speed"": null}, ""DetourPolyline"": """", ""DetourInstructions"": """", ""Recurrence"": """", ""RecurrenceSchedules"": """", ""Subtype"": ""road construction""}"
2025-09-28T19:17:54+00:00,,,,,,,,,,,,,False,False,"{""ID"": 486042, ""SourceId"": ""4497189"", ""Organization"": ""GA-Events"", ""RoadwayName"": ""SR 14"", ""DirectionOfTravel"": ""s"", ""Description"": ""Road construction on SR 14 Southbound at WARE AVE. Right lane blocked."", ""Reported"": 1737378000, ""LastUpdated"": 1737414066, ""StartDate"": 1737378000, ""PlannedEndDate"": 1759784400, ""LanesAffected"": ""Right lane blocked."", ""Latitude"": 33.675684, ""Longitude"": -84.442872, ""LatitudeSecondary"": 33.675708, ""LongitudeSecondary"": -84.442864, ""EventType"": ""roadwork"", ""IsFullClosure"": false, ""Severity"": ""2"", ""Comment"": null, ""EncodedPolyline"": ""ehplEtvkbOD@"", ""Restrictions"": {""Width"": null, ""Height"": null, ""Length"": null, ""Weight"": null, ""Speed"": null}, ""DetourPolyline"": """", ""DetourInstructions"": """", ""Recurrence"": """", ""RecurrenceSchedules"": """", ""Subtype"": ""road construction""}"
2025-09-28T19:17:54+00:00,,,,,,,,,,,,,False,False,"{""ID"": 599004, ""SourceId"": ""4520703"", ""Organization"": ""GA-Events"", ""RoadwayName"": ""SR 74"", ""DirectionOfTravel"": ""e"", ""Description"": ""Road construction on SR 74 Eastbound at CITY LAKE RD. Right lane blocked."", ""Reported"": 1738720800, ""LastUpdated"": 1738738781, ""StartDate"": 1738720800, ""PlannedEndDate"": 1770199200, ""LanesAffected"": ""Right lane blocked."", ""Latitude"": 33.548344, ""Longitude"": -84.577544, ""LatitudeSecondary"": 33.54264, ""LongitudeSecondary"": -84.576952, ""EventType"": ""roadwork"", ""IsFullClosure"": false, ""Severity"": ""2"", ""Comment"": null, ""EncodedPolyline"": ""glwkEjafcOCU"", ""Restrictions"": {""Width"": null, ""Height"": null, ""Length"": null, ""Weight"": null, ""Speed"": null}, ""DetourPolyline"": """", ""DetourInstructions"": """", ""Recurrence"": """", ""RecurrenceSchedules"": """", ""Subtype"": ""road construction""}"
2025-09-28T19:17:54+00:00,,,,,,,,,,,,,False,False,"{""ID"": 791240, ""SourceId"": ""4555180"", ""Organization"": ""GA-Events"", ""RoadwayName"": ""I-85"", ""DirectionOfTravel"": ""n"", ""Description"": ""Road construction on I-85 Northbound at SR 74/Senoia Rd. Left lane blocked."", ""Reported"": 1740621600, ""LastUpdated"": 1744953364, ""StartDate"": 1740621600, ""PlannedEndDate"": 1770199200, ""LanesAffected"": ""Left lane blocked."", ""Latitude"": 33.541256, ""Longitude"": -84.5874, ""LatitudeSecondary"": 33.546218, ""LongitudeSecondary"": -84.57744, ""EventType"": ""roadwork"", ""IsFullClosure"": false, ""Severity"": ""2"", ""Comment"": null, ""EncodedPolyline"": ""e`vkEl~gcOGKaAuB"", ""Restrictions"": {""Width"": null, ""Height"": null, ""Length"": null, ""Weight"": null, ""Speed"": null}, ""DetourPolyline"": """", ""DetourInstructions"": """", ""Recurrence"": """", ""RecurrenceSchedules"": """", ""Subtype"": ""road construction""}"
2025-09-28T19:17:54+00:00,,,,,,,,,,,,,False,False,"{""ID"": 911830, ""SourceId"": ""4576983"", ""Organization"": ""GA-Events"", ""RoadwayName"": ""JEFF DAVIS RD"", ""DirectionOfTravel"": ""both directions"", ""Description"": ""Road construction on JEFF DAVIS RD both directions at BAKER BRITT RD. All lanes closed."", ""Reported"": 1741779000, ""LastUpdated"": 1741792861, ""StartDate"": 1741779000, ""PlannedEndDate"": 1759233600, ""LanesAffected"": ""All lanes closed."", ""Latitude"": 32.933952, ""Longitude"": -84.361224, ""LatitudeSecondary"": 32.93415, ""LongitudeSecondary"": -84.355296, ""EventType"": ""closures"", ""IsFullClosure"": true, ""Severity"": ""3"", ""Comment"": null, ""EncodedPolyline"": ""ml_hEjx{aO?F"", ""Restrictions"": {""Width"": null, ""Height"": null, ""Length"": null, ""Weight"": null, ""Speed"": null}, ""DetourPolyline"": """", ""DetourInstructions"": """", ""Recurrence"": """", ""RecurrenceSchedules"": """", ""Subtype"": ""road construction""}"
2025-09-28T19:17:54+00:00,,,,,,,,,,,,,False,False,"{""ID"": 1203829, ""SourceId"": ""4630228"", ""Organization"": ""GA-Events"", ""RoadwayName"": ""OGEECHEE RIVER RD/CR 56"", ""DirectionOfTravel"": ""both directions"", ""Description"": ""Road construction on OGEECHEE RIVER RD/CR 56 both directions at SR 16/MACON HWY. All lanes closed."", ""Reported"": 1744279200, ""LastUpdated"": 1744293004, ""StartDate"": 1744279200, ""PlannedEndDate"": 1759788000, ""LanesAffected"": ""All lanes closed."", ""Latitude"": 33.295598, ""Longitude"": -82.770872, ""LatitudeSecondary"": 33.319096, ""LongitudeSecondary"": -82.774848, ""EventType"": ""closures"", ""IsFullClosure"": true, ""Severity"": ""2"", ""Comment"": null, ""EncodedPolyline"": ""o`fjE|dexNcW}MeBy@qAa@mAMoBE{QO}D@gBFsBP"", ""Restrictions"": {""Width"": null, ""Height"": null, ""Length"": null, ""Weight"": null, ""Speed"": null}, ""DetourPolyline"": """", ""DetourInstructions"": """", ""Recurrence"": """", ""RecurrenceSchedules"": """", ""Subtype"": ""road construction""}"
2025-09-28T19:17:54+00:00,,,,,,,,,,,,,False,False,"{""ID"": 1270216, ""SourceId"": ""4641669"", ""Organization"": ""GA-Events"", ""RoadwayName"": ""SR 9"", ""DirectionOfTravel"": ""n"", ""Description"": ""Major event on SR 9 Northbound at MANGOLIA ST. 1 lane blocked."", ""Reported"": 1760648400, ""LastUpdated"": 1744819544, ""StartDate"": 1760648400, ""PlannedEndDate"": 1760666400, ""LanesAffected"": ""1 lane blocked."", ""Latitude"": 34.023432, ""Longitude"": -84.361512, ""LatitudeSecondary"": 34.02336, ""LongitudeSecondary"": -84.361512, ""EventType"": ""specialEvents"", ""IsFullClosure"": false, ""Severity"": ""2"", ""Comment"": null, ""EncodedPolyline"": ""_etnErz{aOM?"", ""Restrictions"": {""Width"": null, ""Height"": null, ""Length"": null, ""Weight"": null, ""Speed"": null}, ""DetourPolyline"": """", ""DetourInstructions"": """", ""Recurrence"": ""10/16/2025 - 10/16/2025, 5:00 PM to 10:00 PM"", ""RecurrenceSchedules"": """", ""Subtype"": ""major event""}"
2025-09-28T19:17:54+00:00,,,,,,,,,,,,,False,False,"{""ID"": 1483703, ""SourceId"": ""4682211"", ""Organization"": ""GA-Events"", ""RoadwayName"": ""SR 54"", ""DirectionOfTravel"": ""both directions"", ""Description"": ""Road construction on SR 54 both directions at ROBINSON RD. All lanes closed."", ""Reported"": 1746662400, ""LastUpdated"": 1746640590, ""StartDate"": 1746662400, ""PlannedEndDate"": 1762340400, ""LanesAffected"": ""All lanes closed."", ""Latitude"": 33.260872, ""Longitude"": -84.721992, ""LatitudeSecondary"": 33.244622, ""LongitudeSecondary"": -84.732104, ""EventType"": ""closures"", ""IsFullClosure"": true, ""Severity"": ""3"", ""Comment"": null, ""EncodedPolyline"": ""mg_jElgbdOw@vE"", ""Restrictions"": {""Width"": null, ""Height"": null, ""Length"": null, ""Weight"": null, ""Speed"": null}, ""DetourPolyline"": """", ""DetourInstructions"": """", ""Recurrence"": """", ""RecurrenceSchedules"": """", ""Subtype"": ""road construction""}"
2025-09-28T19:17:54+00:00,,,,,,,,,,,,,False,False,"{""ID"": 1540256, ""SourceId"": ""4694077"", ""Organization"": ""GA-Events"", ""RoadwayName"": ""SR 243"", ""DirectionOfTravel"": ""both directions"", ""Description"": ""Road construction on SR 243 both directions at SR 113 ALT . All lanes closed."", ""Reported"": 1747148400, ""LastUpdated"": 1747158662, ""StartDate"": 1747148400, ""PlannedEndDate"": 1770438600, ""LanesAffected"": ""All lanes closed."", ""Latitude"": 33.068318, ""Longitude"": -83.223672, ""LatitudeSecondary"": 33.072846, ""LongitudeSecondary"": -83.224656, ""EventType"": ""closures"", ""IsFullClosure"": true, ""Severity"": ""2"", ""Comment"": null, ""EncodedPolyline"": ""}syhEbs}zNM@"", ""Restrictions"": {""Width"": null, ""Height"": null, ""Length"": null, ""Weight"": null, ""Speed"": null}, ""DetourPolyline"": """", ""DetourInstructions"": """", ""Recurrence"": """", ""RecurrenceSchedules"": """", ""Subtype"": ""road construction""}"
2025-09-28T19:17:54+00:00,,,,,,,,,,,,,False,False,"{""ID"": 1750333, ""SourceId"": ""4735166"", ""Organization"": ""GA-Events"", ""RoadwayName"": ""SR 9"", ""DirectionOfTravel"": ""n"", ""Description"": ""Major event on SR 9 Northbound at MAGNOLIA ST. All lanes closed."", ""Reported"": 1759579200, ""LastUpdated"": 1748881504, ""StartDate"": 1759579200, ""PlannedEndDate"": 1759593600, ""LanesAffected"": ""All lanes closed."", ""Latitude"": 34.023184, ""Longitude"": -84.36152, ""LatitudeSecondary"": 34.023428, ""LongitudeSecondary"": -84.361512, ""EventType"": ""specialEvents"", ""IsFullClosure"": false, ""Severity"": ""1"", ""Comment"": null, ""EncodedPolyline"": ""{ctnErz{aOG?"", ""Restrictions"": {""Width"": null, ""Height"": null, ""Length"": null, ""Weight"": null, ""Speed"": null}, ""DetourPolyline"": """", ""DetourInstructions"": """", ""Recurrence"": ""10/4/2025 - 10/4/2025, 8:00 AM to 12:00 PM"", ""RecurrenceSchedules"": """", ""Subtype"": ""major event""}"
2025-09-28T19:17:54+00:00,,,,,,,,,,,,,False,False,"{""ID"": 1799702, ""SourceId"": ""4745103"", ""Organization"": ""GA-Events"", ""RoadwayName"": ""SR 54"", ""DirectionOfTravel"": ""e"", ""Description"": ""Major event on SR 54 Eastbound at MCDONOUGH RD. All lanes closed."", ""Reported"": 1763470800, ""LastUpdated"": 1749254715, ""StartDate"": 1763470800, ""PlannedEndDate"": 1763485200, ""LanesAffected"": ""All lanes closed."", ""Latitude"": 33.456798, ""Longitude"": -84.421808, ""LatitudeSecondary"": 33.466716, ""LongitudeSecondary"": -84.41768, ""EventType"": ""specialEvents"", ""IsFullClosure"": false, ""Severity"": ""1"", ""Comment"": null, ""EncodedPolyline"": ""mtekEbqgbOXF^JvAj@"", ""Restrictions"": {""Width"": null, ""Height"": null, ""Length"": null, ""Weight"": null, ""Speed"": null}, ""DetourPolyline"": """", ""DetourInstructions"": """", ""Recurrence"": ""11/18/2025 - 11/18/2025, 8:00 AM to 12:00 PM"", ""RecurrenceSchedules"": """", ""Subtype"": ""major event""}"
2025-09-28T19:17:54+00:00,,,,,,,,,,,,,False,False,"{""ID"": 1943509, ""SourceId"": ""4774732"", ""Organization"": ""GA-Events"", ""RoadwayName"": ""SR 90"", ""DirectionOfTravel"": ""both directions"", ""Description"": ""Road construction on SR 90 both directions at LOWER REBECCA RD. All lanes closed."", ""Reported"": 1750262400, ""LastUpdated"": 1750368938, ""StartDate"": 1750262400, ""PlannedEndDate"": 1763485200, ""LanesAffected"": ""All lanes closed."", ""Latitude"": 31.818388, ""Longitude"": -83.46856, ""LatitudeSecondary"": 31.818388, ""LongitudeSecondary"": -83.46856, ""EventType"": ""closures"", ""IsFullClosure"": true, ""Severity"": ""2"", ""Comment"": null, ""EncodedPolyline"": null, ""Restrictions"": {""Width"": null, ""Height"": null, ""Length"": null, ""Weight"": null, ""Speed"": null}, ""DetourPolyline"": """", ""DetourInstructions"": """", ""Recurrence"": """", ""RecurrenceSchedules"": """", ""Subtype"": ""road construction""}"
2025-09-28T19:17:54+00:00,,,,,,,,,,,,,False,False,"{""ID"": 2258399, ""SourceId"": ""4835737"", ""Organization"": ""GA-Events"", ""RoadwayName"": ""FRAN MARR DR"", ""DirectionOfTravel"": ""both directions"", ""Description"": ""Road construction on FRAN MARR DR both directions at SARDIS DR. All lanes closed."", ""Reported"": 1752667200, ""LastUpdated"": 1756857759, ""StartDate"": 1752667200, ""PlannedEndDate"": 1761912000, ""LanesAffected"": ""All lanes closed."", ""Latitude"": 34.341384, ""Longitude"": -83.90092, ""LatitudeSecondary"": 34.34128, ""LongitudeSecondary"": -83.900192, ""EventType"": ""closures"", ""IsFullClosure"": true, ""Severity"": ""2"", ""Comment"": null, ""EncodedPolyline"": ""ghrpEt{a_OK?"", ""Restrictions"": {""Width"": null, ""Height"": null, ""Length"": null, ""Weight"": null, ""Speed"": null}, ""DetourPolyline"": """", ""DetourInstructions"": """", ""Recurrence"": """", ""RecurrenceSchedules"": """", ""Subtype"": ""road construction""}"
2025-09-28T19:17:54+00:00,,,,,,,,,,,,,False,False,"{""ID"": 2319288, ""SourceId"": ""4847089"", ""Organization"": ""GA-Events"", ""RoadwayName"": ""SR 155"", ""DirectionOfTravel"": ""both directions"", ""Description"": ""Major event on SR 155 both directions at CHAPEL PARK DR. Right lane blocked."", ""Reported"": 1760187600, ""LastUpdated"": 1753127442, ""StartDate"": 1760187600, ""PlannedEndDate"": 1760194800, ""LanesAffected"": ""Right lane blocked."", ""Latitude"": 33.683748, ""Longitude"": -84.23596, ""LatitudeSecondary"": 33.686532, ""LongitudeSecondary"": -84.202008, ""EventType"": ""specialEvents"", ""IsFullClosure"": false, ""Severity"": ""2"", ""Comment"": null, ""EncodedPolyline"": ""elrlEju|`OCHTjARhAPhAPbATnA@HN`ABNF^Hv@Hr@RhCL|ATfDL~Al@pILdBLrA@JJ|@Ff@Hb@ThA\\tAH\\Nf@L^Tl@d@fAn@pAbAjBx@xAZh@d@v@h@|@h@t@Z`@lAzAr@|@x@dA`ApAx@tAl@nATf@JXJZN^^nAH^Rv@ZfBNfAFl@BZNrBBxA@rAAjAEjAKzASdB[|BUxAGZq@bEMt@Kn@Gh@E^]rCCNS|AKx@Er@Mx@Kr@?XGZADAHKl@Qz@U`AK^KVSj@Qd@OZSf@m@fAIj@IPGJi@`AOXk@bA{@`Bc@r@Uf@Sl@M`@Mr@MdAG`AA`@?h@A~@?D"", ""Restrictions"": {""Width"": null, ""Height"": null, ""Length"": null, ""Weight"": null, ""Speed"": null}, ""DetourPolyline"": """", ""DetourInstructions"": """", ""Recurrence"": ""10/11/2025 - 10/11/2025, 9:00 AM to 11:00 AM"", ""RecurrenceSchedules"": """", ""Subtype"": ""major event""}"
2025-09-28T19:17:54+00:00,,,,,,,,,,,,,False,False,"{""ID"": 2332465, ""SourceId"": ""4849872"", ""Organization"": ""GA-Events"", ""RoadwayName"": ""SR 520 BUS"", ""DirectionOfTravel"": ""w"", ""Description"": ""Road construction on SR 520 BUS Westbound at S FRONT ST. All lanes closed."", ""Reported"": 1753230600, ""LastUpdated"": 1753227068, ""StartDate"": 1753230600, ""PlannedEndDate"": 1796079600, ""LanesAffected"": ""All lanes closed."", ""Latitude"": 31.57543, ""Longitude"": -84.14904, ""LatitudeSecondary"": 31.57547, ""LongitudeSecondary"": -84.145112, ""EventType"": ""closures"", ""IsFullClosure"": true, ""Severity"": ""3"", ""Comment"": null, ""EncodedPolyline"": ""_av_Enjr`O?AEgBAu@CeAAoACcBGkDEQAk@AWAg@Ac@?YAM"", ""Restrictions"": {""Width"": null, ""Height"": null, ""Length"": null, ""Weight"": null, ""Speed"": null}, ""DetourPolyline"": """", ""DetourInstructions"": """", ""Recurrence"": """", ""RecurrenceSchedules"": """", ""Subtype"": ""road construction""}"
2025-09-28T19:17:54+00:00,,,,,,,,,,,,,False,False,"{""ID"": 2354505, ""SourceId"": ""4833251"", ""Organization"": ""GA-Events"", ""RoadwayName"": ""I-75"", ""DirectionOfTravel"": ""s"", ""Description"": ""Road construction on I-75 Southbound at SR 20/Canton Highway. All lanes closed."", ""Reported"": 1752555600, ""LastUpdated"": 1753394108, ""StartDate"": 1752555600, ""PlannedEndDate"": 1764554400, ""LanesAffected"": ""All lanes closed."", ""Latitude"": 34.20652, ""Longitude"": -84.761584, ""LatitudeSecondary"": 34.20652, ""LongitudeSecondary"": -84.761584, ""EventType"": ""closures"", ""IsFullClosure"": true, ""Severity"": ""2"", ""Comment"": null, ""EncodedPolyline"": null, ""Restrictions"": {""Width"": null, ""Height"": null, ""Length"": null, ""Weight"": null, ""Speed"": null}, ""DetourPolyline"": """", ""DetourInstructions"": """", ""Recurrence"": """", ""RecurrenceSchedules"": """", ""Subtype"": ""road construction""}"
2025-09-28T19:17:54+00:00,,,,,,,,,,,,,False,False,"{""ID"": 2394371, ""SourceId"": ""4861605"", ""Organization"": ""GA-Events"", ""RoadwayName"": ""CAPITOL AVE"", ""DirectionOfTravel"": ""n"", ""Description"": ""Road construction on CAPITOL AVE Northbound at I-20 . 2 right lanes are blocked."", ""Reported"": 1753675200, ""LastUpdated"": 1758969985, ""StartDate"": 1753675200, ""PlannedEndDate"": 1759143600, ""LanesAffected"": ""2 right lanes are blocked."", ""Latitude"": 33.74562, ""Longitude"": -84.39468, ""LatitudeSecondary"": 33.744584, ""LongitudeSecondary"": -84.38756, ""EventType"": ""roadwork"", ""IsFullClosure"": false, ""Severity"": ""2"", ""Comment"": null, ""EncodedPolyline"": ""sv}lEn~`bOI?M?"", ""Restrictions"": {""Width"": null, ""Height"": null, ""Length"": null, ""Weight"": null, ""Speed"": null}, ""DetourPolyline"": """", ""DetourInstructions"": """", ""Recurrence"": """", ""RecurrenceSchedules"": """", ""Subtype"": ""road construction""}"
2025-09-28T19:17:54+00:00,,,,,,,,,,,,,False,False,"{""ID"": 2472764, ""SourceId"": ""4878013"", ""Organization"": ""GA-Events"", ""RoadwayName"": ""SR 42"", ""DirectionOfTravel"": ""n"", ""Description"": ""Major event on SR 42 Northbound at AUSTIN AVE. All lanes closed."", ""Reported"": 1760889600, ""LastUpdated"": 1754317673, ""StartDate"": 1760889600, ""PlannedEndDate"": 1760896800, ""LanesAffected"": ""All lanes closed."", ""Latitude"": 33.761832, ""Longitude"": -84.349456, ""LatitudeSecondary"": 33.770288, ""LongitudeSecondary"": -84.349064, ""EventType"": ""specialEvents"", ""IsFullClosure"": false, ""Severity"": ""2"", ""Comment"": null, ""EncodedPolyline"": ""_eamEtmyaOWBo@Ae@AiA?oAAK?aA?g@?Y?eAAY?g@?_@?WAQAOC[IGAOCSCWAa@?iA?y@AQ?{@AU?_@?iAAI?S?u@AaDA{@?e@?Y?k@@S?S?"", ""Restrictions"": {""Width"": null, ""Height"": null, ""Length"": null, ""Weight"": null, ""Speed"": null}, ""DetourPolyline"": """", ""DetourInstructions"": """", ""Recurrence"": ""10/19/2025 - 10/19/2025, 12:00 PM to 2:00 PM"", ""RecurrenceSchedules"": """", ""Subtype"": ""major event""}"
2025-09-28T19:17:54+00:00,,,,,,,,,,,,,False,False,"{""ID"": 2541027, ""SourceId"": ""4891182"", ""Organization"": ""GA-Events"", ""RoadwayName"": ""SR 101"", ""DirectionOfTravel"": ""s"", ""Description"": ""Road construction on SR 101 Southbound at W 5TH ST. Left lane blocked."", ""Reported"": 1754625600, ""LastUpdated"": 1758042201, ""StartDate"": 1754625600, ""PlannedEndDate"": 1761883200, ""LanesAffected"": ""Left lane blocked."", ""Latitude"": 34.256856, ""Longitude"": -85.178232, ""LatitudeSecondary"": 34.255536, ""LongitudeSecondary"": -85.177072, ""EventType"": ""roadwork"", ""IsFullClosure"": false, ""Severity"": ""2"", ""Comment"": null, ""EncodedPolyline"": ""cpapEtc{fO??}ApAcDlC"", ""Restrictions"": {""Width"": null, ""Height"": null, ""Length"": null, ""Weight"": null, ""Speed"": null}, ""DetourPolyline"": """", ""DetourInstructions"": """", ""Recurrence"": """", ""RecurrenceSchedules"": """", ""Subtype"": ""road construction""}"
2025-09-28T19:17:54+00:00,,,,,,,,,,,,,False,False,"{""ID"": 2555501, ""SourceId"": ""4894072"", ""Organization"": ""GA-Events"", ""RoadwayName"": ""SR 14"", ""DirectionOfTravel"": ""both directions"", ""Description"": ""Major event on SR 14 both directions at SR 138. All lanes closed."", ""Reported"": 1759579200, ""LastUpdated"": 1755028284, ""StartDate"": 1759579200, ""PlannedEndDate"": 1759593600, ""LanesAffected"": ""All lanes closed."", ""Latitude"": 33.5744, ""Longitude"": -84.566448, ""LatitudeSecondary"": 33.559704, ""LongitudeSecondary"": -84.588376, ""EventType"": ""specialEvents"", ""IsFullClosure"": false, ""Severity"": ""3"", ""Comment"": null, ""EncodedPolyline"": ""esykEjdhcO?A]q@kAsBm@eA_AaBS]g@q@}AmBy@{@e@c@c@[e@_@GEi@a@UQc@[u@k@cAw@w@k@wA_A{@i@w@g@mAu@OIy@i@s@e@o@e@qAaAKIu@u@cAiBEIYk@]}@c@uAGQUq@EMEKIUYw@M]IUm@_B]}@aAgC[{@oBiFGOCGe@oA_@_AUi@o@_Bg@yAc@mAKWo@gBSi@cAmCmBgF}@_C_BgEQc@[q@]s@i@eAe@}@a@s@Q[Oa@KWISIQ"", ""Restrictions"": {""Width"": null, ""Height"": null, ""Length"": null, ""Weight"": null, ""Speed"": null}, ""DetourPolyline"": """", ""DetourInstructions"": """", ""Recurrence"": ""10/4/2025 - 10/4/2025, 8:00 AM to 12:00 PM"", ""RecurrenceSchedules"": """", ""Subtype"": ""major event""}"
2025-09-28T19:17:54+00:00,,,,,,,,,,,,,False,False,"{""ID"": 2564129, ""SourceId"": ""4895905"", ""Organization"": ""GA-Events"", ""RoadwayName"": ""BIG CEDAR RD"", ""DirectionOfTravel"": ""both directions"", ""Description"": ""Road construction on BIG CEDAR RD both directions at SR 80. All lanes closed."", ""Reported"": 1754971200, ""LastUpdated"": 1755106272, ""StartDate"": 1754971200, ""PlannedEndDate"": 1772339400, ""LanesAffected"": ""All lanes closed."", ""Latitude"": 33.64782, ""Longitude"": -82.675848, ""LatitudeSecondary"": 33.66966, ""LongitudeSecondary"": -82.622752, ""EventType"": ""closures"", ""IsFullClosure"": true, ""Severity"": ""2"", ""Comment"": null, ""EncodedPolyline"": ""_zjlE`srwNKi@a@}HOcGDm\\ImASeB]sBw@yCsCuIy@uC_@qCWoDAkDPwCdAgIf@_DJ_@f@qB`HoPl@_CfBiJ|@}FHwDE{CUkC_@{Ba@oBo@sBiA}BqAsBkJaJqLuKw@_AoAmBw@iBcBmFsAkJk@qCi@eBu@qAkAsAyAuAoScKmBuAwAqA_EoE}BoD_LoPkBsBkAw@oAs@cGoBmBq@sHoCoAm@eAy@OO"", ""Restrictions"": {""Width"": null, ""Height"": null, ""Length"": null, ""Weight"": null, ""Speed"": null}, ""DetourPolyline"": """", ""DetourInstructions"": """", ""Recurrence"": """", ""RecurrenceSchedules"": """", ""Subtype"": ""road construction""}"
2025-09-28T19:17:54+00:00,,,,,,,,,,,,,False,False,"{""ID"": 2578737, ""SourceId"": ""4898766"", ""Organization"": ""GA-Events"", ""RoadwayName"": ""SR 18"", ""DirectionOfTravel"": ""both directions"", ""Description"": ""Major event on SR 18 both directions at SR 3 NORTH. All lanes closed."", ""Reported"": 1759604400, ""LastUpdated"": 1755206303, ""StartDate"": 1759604400, ""PlannedEndDate"": 1759626000, ""LanesAffected"": ""All lanes closed."", ""Latitude"": 33.102086, ""Longitude"": -84.341656, ""LatitudeSecondary"": 33.102108, ""LongitudeSecondary"": -84.342712, ""EventType"": ""specialEvents"", ""IsFullClosure"": false, ""Severity"": ""2"", ""Comment"": null, ""EncodedPolyline"": ""cg`iE|dxaO?C@mE"", ""Restrictions"": {""Width"": null, ""Height"": null, ""Length"": null, ""Weight"": null, ""Speed"": null}, ""DetourPolyline"": """", ""DetourInstructions"": """", ""Recurrence"": ""10/4/2025 - 10/4/2025, 3:00 PM to 9:00 PM"", ""RecurrenceSchedules"": """", ""Subtype"": ""major event""}"
2025-09-28T19:17:54+00:00,,,,,,,,,,,,,False,False,"{""ID"": 2584114, ""SourceId"": ""4899867"", ""Organization"": ""GA-Events"", ""RoadwayName"": ""SR 64"", ""DirectionOfTravel"": ""both directions"", ""Description"": ""Fire or containment contained on SR 64 both directions at SR 168. No lanes blocked."", ""Reported"": 1755263220, ""LastUpdated"": 1758559439, ""StartDate"": 1755263220, ""PlannedEndDate"": 1759248900, ""LanesAffected"": ""No lanes blocked."", ""Latitude"": 31.163506, ""Longitude"": -83.087696, ""LatitudeSecondary"": null, ""LongitudeSecondary"": null, ""EventType"": ""accidentsAndIncidents"", ""IsFullClosure"": false, ""Severity"": ""1"", ""Comment"": null, ""EncodedPolyline"": null, ""Restrictions"": {""Width"": null, ""Height"": null, ""Length"": null, ""Weight"": null, ""Speed"": null}, ""DetourPolyline"": """", ""DetourInstructions"": """", ""Recurrence"": """", ""RecurrenceSchedules"": """", ""Subtype"": ""fire or containment contained""}"
2025-09-28T19:17:54+00:00,,,,,,,,,,,,,False,False,"{""ID"": 2616924, ""SourceId"": ""4906362"", ""Organization"": ""GA-Events"", ""RoadwayName"": ""SR 19"", ""DirectionOfTravel"": ""both directions"", ""Description"": ""Road maintenance operations on SR 19 both directions past WALNUT ST. 2 lanes blocked."", ""Reported"": 1755489600, ""LastUpdated"": 1757601376, ""StartDate"": 1755489600, ""PlannedEndDate"": 1767070800, ""LanesAffected"": ""2 lanes blocked."", ""Latitude"": 32.841626, ""Longitude"": -83.631768, ""LatitudeSecondary"": 32.839642, ""LongitudeSecondary"": -83.633368, ""EventType"": ""roadwork"", ""IsFullClosure"": false, ""Severity"": ""2"", ""Comment"": null, ""EncodedPolyline"": ""{imgEvjm}Nc@a@CC"", ""Restrictions"": {""Width"": null, ""Height"": null, ""Length"": null, ""Weight"": null, ""Speed"": null}, ""DetourPolyline"": """", ""DetourInstructions"": """", ""Recurrence"": """", ""RecurrenceSchedules"": """", ""Subtype"": ""road maintenance operations""}"
2025-09-28T19:17:54+00:00,,,,,,,,,,,,,False,False,"{""ID"": 2702564, ""SourceId"": ""4924715"", ""Organization"": ""GA-Events"", ""RoadwayName"": ""SR 9"", ""DirectionOfTravel"": ""n"", ""Description"": ""Major event on SR 9 Northbound at MAGNOLIA ST. All lanes closed."", ""Reported"": 1764243000, ""LastUpdated"": 1756237300, ""StartDate"": 1764243000, ""PlannedEndDate"": 1764255600, ""LanesAffected"": ""All lanes closed."", ""Latitude"": 34.023228, ""Longitude"": -84.361568, ""LatitudeSecondary"": 34.023624, ""LongitudeSecondary"": -84.361576, ""EventType"": ""specialEvents"", ""IsFullClosure"": false, ""Severity"": ""2"", ""Comment"": null, ""EncodedPolyline"": ""cdtnExz{aO?E"", ""Restrictions"": {""Width"": null, ""Height"": null, ""Length"": null, ""Weight"": null, ""Speed"": null}, ""DetourPolyline"": """", ""DetourInstructions"": """", ""Recurrence"": ""11/27/2025 - 11/27/2025, 6:30 AM to 10:00 AM"", ""RecurrenceSchedules"": """", ""Subtype"": ""major event""}"
2025-09-28T19:17:54+00:00,,,,,,,,,,,,,False,False,"{""ID"": 2728748, ""SourceId"": ""4929668"", ""Organization"": ""GA-Events"", ""RoadwayName"": ""SR 7"", ""DirectionOfTravel"": ""s"", ""Description"": ""Road construction on SR 7 Southbound at ZEBULON ST . All lanes closed."", ""Reported"": 1756440000, ""LastUpdated"": 1756590436, ""StartDate"": 1756440000, ""PlannedEndDate"": 1767157200, ""LanesAffected"": ""All lanes closed."", ""Latitude"": 33.113258, ""Longitude"": -84.205984, ""LatitudeSecondary"": 33.10268, ""LongitudeSecondary"": -84.187712, ""EventType"": ""closures"", ""IsFullClosure"": true, ""Severity"": ""1"", ""Comment"": null, ""EncodedPolyline"": ""glbiEvn}`OTi@hAeCZu@tBqETg@d@eAfCuFpD_IlBcErAwChAcCd@aAVk@FQP]l@qAn@sAhByDjAeCJW`BoD|AiDhAeChAcCPa@rBkEjAgCpAqCh@kAnAoC"", ""Restrictions"": {""Width"": null, ""Height"": null, ""Length"": null, ""Weight"": null, ""Speed"": null}, ""DetourPolyline"": """", ""DetourInstructions"": """", ""Recurrence"": """", ""RecurrenceSchedules"": """", ""Subtype"": ""road construction""}"
2025-09-28T19:17:54+00:00,,,,,,,,,,,,,False,False,"{""ID"": 2728815, ""SourceId"": ""4929688"", ""Organization"": ""GA-Events"", ""RoadwayName"": ""SR 7"", ""DirectionOfTravel"": ""n"", ""Description"": ""Road construction on SR 7 Northbound at MAIN ST . All lanes closed."", ""Reported"": 1756440000, ""LastUpdated"": 1756810679, ""StartDate"": 1756440000, ""PlannedEndDate"": 1767157200, ""LanesAffected"": ""All lanes closed."", ""Latitude"": 33.103122, ""Longitude"": -84.187112, ""LatitudeSecondary"": 33.11316, ""LongitudeSecondary"": -84.204984, ""EventType"": ""closures"", ""IsFullClosure"": true, ""Severity"": ""1"", ""Comment"": null, ""EncodedPolyline"": ""kl`iEbyy`OcAxBm@pACFkAdCk@nAa@|@eAzByBxEMV}C|GiCxF_CdF}@lBmBdEm@lACFIVGPYj@i@jAkCpFeBtDqCfGQ^eDdHqCbG{@hB"", ""Restrictions"": {""Width"": null, ""Height"": null, ""Length"": null, ""Weight"": null, ""Speed"": null}, ""DetourPolyline"": """", ""DetourInstructions"": """", ""Recurrence"": """", ""RecurrenceSchedules"": """", ""Subtype"": ""road construction""}"
2025-09-28T19:17:54+00:00,,,,,,,,,,,,,False,False,"{""ID"": 2775069, ""SourceId"": ""4938716"", ""Organization"": ""GA-Events"", ""RoadwayName"": ""CRAWFORD SMITHONIA RD/CR 310"", ""DirectionOfTravel"": ""both directions"", ""Description"": ""Road construction on CRAWFORD SMITHONIA RD/CR 310 both directions at BOWEN FARM RD. All lanes closed."", ""Reported"": 1756807200, ""LastUpdated"": 1756903986, ""StartDate"": 1756807200, ""PlannedEndDate"": 1770093000, ""LanesAffected"": ""All lanes closed."", ""Latitude"": 33.99758, ""Longitude"": -83.187392, ""LatitudeSecondary"": 33.99758, ""LongitudeSecondary"": -83.187392, ""EventType"": ""closures"", ""IsFullClosure"": true, ""Severity"": ""2"", ""Comment"": null, ""EncodedPolyline"": null, ""Restrictions"": {""Width"": null, ""Height"": null, ""Length"": null, ""Weight"": null, ""Speed"": null}, ""DetourPolyline"": """", ""DetourInstructions"": """", ""Recurrence"": """", ""RecurrenceSchedules"": """", ""Subtype"": ""road construction""}"
2025-09-28T19:17:54+00:00,,,,,,,,,,,,,False,False,"{""ID"": 2782472, ""SourceId"": ""4940432"", ""Organization"": ""GA-Events"", ""RoadwayName"": ""SR 138"", ""DirectionOfTravel"": ""e"", ""Description"": ""Major event on SR 138 Eastbound at GRESHAM ST. Right lane blocked."", ""Reported"": 1760187600, ""LastUpdated"": 1756970523, ""StartDate"": 1760187600, ""PlannedEndDate"": 1760198400, ""LanesAffected"": ""Right lane blocked."", ""Latitude"": 33.569416, ""Longitude"": -84.554776, ""LatitudeSecondary"": 33.57032, ""LongitudeSecondary"": -84.5446, ""EventType"": ""specialEvents"", ""IsFullClosure"": false, ""Severity"": ""2"", ""Comment"": null, ""EncodedPolyline"": ""ap{kElracOEOSo@Oe@IWI[GWG[Ie@Ik@Gg@Gm@Ek@Eu@Cm@Cw@C_AE}BIkDAk@GwCIqDG_CEkBAo@AsA?eA?w@"", ""Restrictions"": {""Width"": null, ""Height"": null, ""Length"": null, ""Weight"": null, ""Speed"": null}, ""DetourPolyline"": """", ""DetourInstructions"": """", ""Recurrence"": ""10/11/2025 - 10/11/2025, 9:00 AM to 12:00 PM"", ""RecurrenceSchedules"": """", ""Subtype"": ""major event""}"
2025-09-28T19:17:54+00:00,,,,,,,,,,,,,False,False,"{""ID"": 2784804, ""SourceId"": ""4940836"", ""Organization"": ""GA-Events"", ""RoadwayName"": ""SR 29/US 441"", ""DirectionOfTravel"": ""n"", ""Description"": ""Road construction on SR 29/US 441 Northbound before SR 112. Right lane blocked."", ""Reported"": 1756872000, ""LastUpdated"": 1756991900, ""StartDate"": 1756872000, ""PlannedEndDate"": 1782876600, ""LanesAffected"": ""Right lane blocked."", ""Latitude"": 32.683296, ""Longitude"": -83.079704, ""LatitudeSecondary"": 32.693168, ""LongitudeSecondary"": -83.099832, ""EventType"": ""roadwork"", ""IsFullClosure"": false, ""Severity"": ""2"", ""Comment"": null, ""EncodedPolyline"": ""qmnfEboazNsJfX_AnCe@rAeAzDoAzFy@tDq@`DOt@S|@Uz@Y~@Wt@Wr@[v@_@t@gAlBs@hAwAhBiAvAqA~AsApA"", ""Restrictions"": {""Width"": null, ""Height"": null, ""Length"": null, ""Weight"": null, ""Speed"": null}, ""DetourPolyline"": """", ""DetourInstructions"": """", ""Recurrence"": """", ""RecurrenceSchedules"": """", ""Subtype"": ""road construction""}"
2025-09-28T19:17:54+00:00,,,,,,,,,,,,,False,False,"{""ID"": 2784805, ""SourceId"": ""4940837"", ""Organization"": ""GA-Events"", ""RoadwayName"": ""SR 29/US 441"", ""DirectionOfTravel"": ""s"", ""Description"": ""Road construction on SR 29/US 441 Southbound before SR 112. Right lane blocked."", ""Reported"": 1756872000, ""LastUpdated"": 1756991898, ""StartDate"": 1756872000, ""PlannedEndDate"": 1782876600, ""LanesAffected"": ""Right lane blocked."", ""Latitude"": 32.693168, ""Longitude"": -83.099832, ""LatitudeSecondary"": 32.683296, ""LongitudeSecondary"": -83.079704, ""EventType"": ""roadwork"", ""IsFullClosure"": false, ""Severity"": ""2"", ""Comment"": null, ""EncodedPolyline"": ""ikpfE|lezNJ_AL_AJq@Ls@Lm@VcA^sAl@eBVw@b@aAhAyBp@eAp@}@vAgBx@_AhAsAdEwEpAyAt@aAp@cAj@_AhAyB\\u@Zy@Vw@Tu@Po@R{@R}@TkAdAcGDSrAsFh@uB^{A\\cA"", ""Restrictions"": {""Width"": null, ""Height"": null, ""Length"": null, ""Weight"": null, ""Speed"": null}, ""DetourPolyline"": """", ""DetourInstructions"": """", ""Recurrence"": """", ""RecurrenceSchedules"": """", ""Subtype"": ""road construction""}"
2025-09-28T19:17:54+00:00,,,,,,,,,,,,,False,False,"{""ID"": 2790936, ""SourceId"": ""4942202"", ""Organization"": ""GA-Events"", ""RoadwayName"": ""SR 37"", ""DirectionOfTravel"": ""both directions"", ""Description"": ""Fire or containment contained on SR 37 both directions at ROYALS RD. No lanes blocked."", ""Reported"": 1757024640, ""LastUpdated"": 1758748507, ""StartDate"": 1757024640, ""PlannedEndDate"": 1759352400, ""LanesAffected"": ""No lanes blocked."", ""Latitude"": 31.053962, ""Longitude"": -83.140944, ""LatitudeSecondary"": null, ""LongitudeSecondary"": null, ""EventType"": ""accidentsAndIncidents"", ""IsFullClosure"": false, ""Severity"": ""1"", ""Comment"": null, ""EncodedPolyline"": null, ""Restrictions"": {""Width"": null, ""Height"": null, ""Length"": null, ""Weight"": null, ""Speed"": null}, ""DetourPolyline"": """", ""DetourInstructions"": """", ""Recurrence"": """", ""RecurrenceSchedules"": """", ""Subtype"": ""fire or containment contained""}"
2025-09-28T19:17:54+00:00,,,,,,,,,,,,,False,False,"{""ID"": 2837654, ""SourceId"": ""4952116"", ""Organization"": ""GA-Events"", ""RoadwayName"": ""I-95"", ""DirectionOfTravel"": ""n"", ""Description"": ""Road construction on I-95 Northbound before SR 25/US 17/Ocean Highway. Right lane blocked."", ""Reported"": 1757458800, ""LastUpdated"": 1757927931, ""StartDate"": 1757458800, ""PlannedEndDate"": 1760086800, ""LanesAffected"": ""Right lane blocked."", ""Latitude"": 31.924606, ""Longitude"": -81.33024, ""LatitudeSecondary"": 31.92788, ""LongitudeSecondary"": -81.331104, ""EventType"": ""roadwork"", ""IsFullClosure"": false, ""Severity"": ""3"", ""Comment"": null, ""EncodedPolyline"": ""khzaEdwkoN}Cp@iE~@"", ""Restrictions"": {""Width"": null, ""Height"": null, ""Length"": null, ""Weight"": null, ""Speed"": null}, ""DetourPolyline"": """", ""DetourInstructions"": """", ""Recurrence"": """", ""RecurrenceSchedules"": """", ""Subtype"": ""road construction""}"
2025-09-28T19:17:54+00:00,,,,,,,,,,,,,False,False,"{""ID"": 2842954, ""SourceId"": ""4953188"", ""Organization"": ""GA-Events"", ""RoadwayName"": ""SR 154"", ""DirectionOfTravel"": ""e"", ""Description"": ""Road construction on SR 154 Eastbound at CANDLER RD. Right lane blocked."", ""Reported"": 1757509200, ""LastUpdated"": 1757527474, ""StartDate"": 1757509200, ""PlannedEndDate"": 1760212800, ""LanesAffected"": ""Right lane blocked."", ""Latitude"": 33.747132, ""Longitude"": -84.292048, ""LatitudeSecondary"": 33.748312, ""LongitudeSecondary"": -84.280168, ""EventType"": ""roadwork"", ""IsFullClosure"": false, ""Severity"": ""2"", ""Comment"": null, ""EncodedPolyline"": ""ef~lEfhnaO?yA?OAaDAkB?I?kCCqD?aB?_A?c@?SCiAAe@G}CEmBCc@A_@Iu@IeBWyCWgCGi@OoAUiBEWOeAYaB[iBIc@"", ""Restrictions"": {""Width"": null, ""Height"": null, ""Length"": null, ""Weight"": null, ""Speed"": null}, ""DetourPolyline"": """", ""DetourInstructions"": """", ""Recurrence"": """", ""RecurrenceSchedules"": """", ""Subtype"": ""road construction""}"
2025-09-28T19:17:54+00:00,,,,,,,,,,,,,False,False,"{""ID"": 2846363, ""SourceId"": ""4954068"", ""Organization"": ""GA-Events"", ""RoadwayName"": ""SR 89/US 441"", ""DirectionOfTravel"": ""n"", ""Description"": ""Accident investigation work on SR 89/US 441 Northbound at NOBLES LN . All lanes closed."", ""Reported"": 1757588400, ""LastUpdated"": 1758718837, ""StartDate"": 1757588400, ""PlannedEndDate"": 1761267600, ""LanesAffected"": ""All lanes closed."", ""Latitude"": 31.251406, ""Longitude"": -82.859432, ""LatitudeSecondary"": 31.30785, ""LongitudeSecondary"": -82.849736, ""EventType"": ""closures"", ""IsFullClosure"": true, ""Severity"": ""3"", ""Comment"": null, ""EncodedPolyline"": ""gxv}DpnvxNC?gNp@aUfA_AD_CJsDP_Kf@qDRcAFoALu@DgOr@aI^gGZqCH}@?K?i@CwCOwCc@_HuBmIuCsE{A_DeA_Bg@c@OUISGSGYI[ISE[GOCi@I[EOCMCYGKCKCUGSGa@M_@M}@YuAe@}Ae@g@MSGe@O[M[OqAg@gAa@u@MeAQaCk@_BYeKaB_Ca@_[cFqB[cImAUEuDo@aCa@GAOCa@GkAOIAoB]gCe@wBYWCa@CE?_@CkCc@GAa@I}AUIAsB]OCGAkB[WEmAUi@IEAgB[{GiAqASu@M{AWUEgAQi@KUE{AYs@OEAOCkBc@_ASo@O}C{@OE"", ""Restrictions"": {""Width"": null, ""Height"": null, ""Length"": null, ""Weight"": null, ""Speed"": null}, ""DetourPolyline"": """", ""DetourInstructions"": """", ""Recurrence"": """", ""RecurrenceSchedules"": """", ""Subtype"": ""accident investigation work""}"
2025-09-28T19:17:54+00:00,,,,,,,,,,,,,False,False,"{""ID"": 2847224, ""SourceId"": ""4954320"", ""Organization"": ""GA-Events"", ""RoadwayName"": ""SR 224"", ""DirectionOfTravel"": ""w"", ""Description"": ""Major event on SR 224 Westbound at BOUTWELL RD . Right lane blocked."", ""Reported"": 1762864200, ""LastUpdated"": 1757566803, ""StartDate"": 1762864200, ""PlannedEndDate"": 1762878600, ""LanesAffected"": ""Right lane blocked."", ""Latitude"": 32.412892, ""Longitude"": -83.660376, ""LatitudeSecondary"": 32.43275, ""LongitudeSecondary"": -83.720592, ""EventType"": ""specialEvents"", ""IsFullClosure"": false, ""Severity"": ""2"", ""Comment"": null, ""EncodedPolyline"": ""utydEj|r}N?ZBrHAdEEhOC~REtT?rI?j@?nCEvCCnBMhD]bF]hDoApJuBxOoCnSmCfSUhB_@lCy@dGoAnJiApIg@lDKn@QjAKl@a@nBc@lBu@xCw@dCm@`B_@dA]~@s@|Ay@dBaIvPaDxGuD|He@`Ag@bAc@`Am@nAaCbFs@tAuA~BcAxA{@`A_AjA}ApBc@h@q@x@IJ}DzEeBvBqCtCyE~Em@n@oCtCuA~AgAlAQTaBjB"", ""Restrictions"": {""Width"": null, ""Height"": null, ""Length"": null, ""Weight"": null, ""Speed"": null}, ""DetourPolyline"": """", ""DetourInstructions"": """", ""Recurrence"": ""11/11/2025 - 11/11/2025, 7:30 AM to 11:30 AM"", ""RecurrenceSchedules"": """", ""Subtype"": ""major event""}"
2025-09-28T19:17:54+00:00,,,,,,,,,,,,,False,False,"{""ID"": 2847233, ""SourceId"": ""4954321"", ""Organization"": ""GA-Events"", ""RoadwayName"": ""SR 224"", ""DirectionOfTravel"": ""e"", ""Description"": ""Major event on SR 224 Eastbound at PERRY PKWY . Right lane blocked."", ""Reported"": 1762864200, ""LastUpdated"": 1757567069, ""StartDate"": 1762864200, ""PlannedEndDate"": 1762878600, ""LanesAffected"": ""Right lane blocked."", ""Latitude"": 32.43275, ""Longitude"": -83.720592, ""LatitudeSecondary"": 32.412892, ""LongitudeSecondary"": -83.660376, ""EventType"": ""specialEvents"", ""IsFullClosure"": false, ""Severity"": ""2"", ""Comment"": null, ""EncodedPolyline"": ""wn}dEpu~}NJMhC{C|AgBJMfAiAfAmAJKv@w@`FkF~DkE\\_@nDmEtAeBjDkEzAmB|@kAn@eA^m@t@wAlAcC^u@`@}@n@sA`AsB~EeKpGcNn@sAzCoGpAuCf@iAZs@|@gCRo@h@_B\\kAFWd@eB`@iBz@yE~@uGfAiIZyBf@_EBS@EFe@RyAX_Ct@uF`@yCzBsPrA{Jj@cE@Kl@oE~@cHxA_L`@_EVeENiEFoE@wD@iKF}{@"", ""Restrictions"": {""Width"": null, ""Height"": null, ""Length"": null, ""Weight"": null, ""Speed"": null}, ""DetourPolyline"": """", ""DetourInstructions"": """", ""Recurrence"": ""11/11/2025 - 11/11/2025, 7:30 AM to 11:30 AM"", ""RecurrenceSchedules"": """", ""Subtype"": ""major event""}"
2025-09-28T19:17:54+00:00,,,,,,,,,,,,,False,False,"{""ID"": 2856281, ""SourceId"": ""4956356"", ""Organization"": ""GA-Events"", ""RoadwayName"": ""SR 16"", ""DirectionOfTravel"": ""both directions"", ""Description"": ""Major event on SR 16 both directions at PARK AVE. All lanes closed."", ""Reported"": 1764977400, ""LastUpdated"": 1757634637, ""StartDate"": 1764977400, ""PlannedEndDate"": 1764986400, ""LanesAffected"": ""All lanes closed."", ""Latitude"": 33.294498, ""Longitude"": -83.960072, ""LatitudeSecondary"": 33.29417, ""LongitudeSecondary"": -83.973976, ""EventType"": ""specialEvents"", ""IsFullClosure"": false, ""Severity"": ""3"", ""Comment"": null, ""EncodedPolyline"": ""owejEjdp_O?OC_BAy@CiACeBCw@A]Aa@As@C}@C{@Cs@?IAoAAgA?_@?MA_BAsA?gA?K?a@?[?yA?K?yA?uACsAAs@AU?WA}B?c@?c@?SAaC?m@AsA?O?YA}A?q@?[AwAAkB?e@?K?_@?K?a@"", ""Restrictions"": {""Width"": null, ""Height"": null, ""Length"": null, ""Weight"": null, ""Speed"": null}, ""DetourPolyline"": """", ""DetourInstructions"": """", ""Recurrence"": ""12/5/2025 - 12/5/2025, 6:30 PM to 9:00 PM"", ""RecurrenceSchedules"": """", ""Subtype"": ""major event""}"
2025-09-28T19:17:54+00:00,,,,,,,,,,,,,False,False,"{""ID"": 2896992, ""SourceId"": ""4965931"", ""Organization"": ""GA-Events"", ""RoadwayName"": ""LORD RD"", ""DirectionOfTravel"": ""both directions"", ""Description"": ""Road construction on LORD RD both directions at ALICE BREWER RD . All lanes closed."", ""Reported"": 1758024000, ""LastUpdated"": 1758067954, ""StartDate"": 1758024000, ""PlannedEndDate"": 1790805600, ""LanesAffected"": ""All lanes closed."", ""Latitude"": 32.472378, ""Longitude"": -83.145848, ""LatitudeSecondary"": 32.493526, ""LongitudeSecondary"": -83.12368, ""EventType"": ""closures"", ""IsFullClosure"": true, ""Severity"": ""2"", ""Comment"": null, ""EncodedPolyline"": ""cgeeEjlnzNEEyAqBgCuDeFuIiFuIuEaIgBeDy@{BQcAY_Bk@{EMsBCcDV{U@uCCmAMuAwCgP_AsDs@qBkB}CgFeIwAwBmAyBeEqIk@_A_BuAaBcAcBa@uBU}@@{@BgB^mBt@"", ""Restrictions"": {""Width"": null, ""Height"": null, ""Length"": null, ""Weight"": null, ""Speed"": null}, ""DetourPolyline"": """", ""DetourInstructions"": """", ""Recurrence"": """", ""RecurrenceSchedules"": """", ""Subtype"": ""road construction""}"
2025-09-28T19:17:54+00:00,,,,,,,,,,,,,False,False,"{""ID"": 2902113, ""SourceId"": ""4967026"", ""Organization"": ""GA-Events"", ""RoadwayName"": ""I-16"", ""DirectionOfTravel"": ""w"", ""Description"": ""Accident investigation work on I-16 Westbound at SR 87/US 23/US 129. Left lane blocked."", ""Reported"": 1758232800, ""LastUpdated"": 1758129062, ""StartDate"": 1758232800, ""PlannedEndDate"": 1764500400, ""LanesAffected"": ""Left lane blocked."", ""Latitude"": 32.798028, ""Longitude"": -83.568848, ""LatitudeSecondary"": 32.8, ""LongitudeSecondary"": -83.569544, ""EventType"": ""accidentsAndIncidents"", ""IsFullClosure"": false, ""Severity"": ""1"", ""Comment"": null, ""EncodedPolyline"": ""c}dgEx|`}Nq@`@"", ""Restrictions"": {""Width"": null, ""Height"": null, ""Length"": null, ""Weight"": null, ""Speed"": null}, ""DetourPolyline"": """", ""DetourInstructions"": """", ""Recurrence"": ""9/18/2025 - 11/30/2025, 6:00 PM to 6:00 AM"", ""RecurrenceSchedules"": """", ""Subtype"": ""accident investigation work""}"
2025-09-28T19:17:54+00:00,,,,,,,,,,,,,False,False,"{""ID"": 2920439, ""SourceId"": ""4971224"", ""Organization"": ""GA-Events"", ""RoadwayName"": ""SR 42"", ""DirectionOfTravel"": ""both directions"", ""Description"": ""Road construction on SR 42 both directions at SR 74. All lanes closed."", ""Reported"": 1758081600, ""LastUpdated"": 1758294735, ""StartDate"": 1758081600, ""PlannedEndDate"": 1798693200, ""LanesAffected"": ""All lanes closed."", ""Latitude"": 32.875828, ""Longitude"": -83.995008, ""LatitudeSecondary"": 32.875828, ""LongitudeSecondary"": -83.995008, ""EventType"": ""closures"", ""IsFullClosure"": true, ""Severity"": ""2"", ""Comment"": null, ""EncodedPolyline"": null, ""Restrictions"": {""Width"": null, ""Height"": null, ""Length"": null, ""Weight"": null, ""Speed"": null}, ""DetourPolyline"": """", ""DetourInstructions"": """", ""Recurrence"": """", ""RecurrenceSchedules"": """", ""Subtype"": ""road construction""}"
2025-09-28T19:17:54+00:00,,,,,,,,,,,,,False,False,"{""ID"": 2962919, ""SourceId"": ""4980135"", ""Organization"": ""GA-Events"", ""RoadwayName"": ""SR 9"", ""DirectionOfTravel"": ""s"", ""Description"": ""Road surface collapse on SR 9 Southbound before ANDREWS DR. Right lane blocked."", ""Reported"": 1758670980, ""LastUpdated"": 1759018658, ""StartDate"": 1758670980, ""PlannedEndDate"": 1759104780, ""LanesAffected"": ""Right lane blocked."", ""Latitude"": 33.829628, ""Longitude"": -84.387408, ""LatitudeSecondary"": null, ""LongitudeSecondary"": null, ""EventType"": ""accidentsAndIncidents"", ""IsFullClosure"": false, ""Severity"": ""1"", ""Comment"": null, ""EncodedPolyline"": null, ""Restrictions"": {""Width"": null, ""Height"": null, ""Length"": null, ""Weight"": null, ""Speed"": null}, ""DetourPolyline"": """", ""DetourInstructions"": """", ""Recurrence"": """", ""RecurrenceSchedules"": """", ""Subtype"": ""road surface collapse""}"
2025-09-28T19:17:54+00:00,,,,,,,,,,,,,False,False,"{""ID"": 2966644, ""SourceId"": ""4980804"", ""Organization"": ""GA-Events"", ""RoadwayName"": ""SR 9/ OLD MILTON PKWY"", ""DirectionOfTravel"": ""both directions"", ""Description"": ""Major event on SR 9/ OLD MILTON PKWY both directions at ALPHARETTA HWY. All lanes closed."", ""Reported"": 1760104800, ""LastUpdated"": 1758723298, ""StartDate"": 1760104800, ""PlannedEndDate"": 1760288400, ""LanesAffected"": ""All lanes closed."", ""Latitude"": 34.07116, ""Longitude"": -84.296688, ""LatitudeSecondary"": 34.075596, ""LongitudeSecondary"": -84.29468, ""EventType"": ""specialEvents"", ""IsFullClosure"": false, ""Severity"": ""2"", ""Comment"": null, ""EncodedPolyline"": ""ko}nEheoaOBy@DaA"", ""Restrictions"": {""Width"": null, ""Height"": null, ""Length"": null, ""Weight"": null, ""Speed"": null}, ""DetourPolyline"": """", ""DetourInstructions"": """", ""Recurrence"": ""10/10/2025 - 10/12/2025, 10:00 AM to 1:00 PM"", ""RecurrenceSchedules"": """", ""Subtype"": ""major event""}"
2025-09-28T19:17:54+00:00,,,,,,,,,,,,,False,False,"{""ID"": 2968375, ""SourceId"": ""4981197"", ""Organization"": ""GA-Events"", ""RoadwayName"": ""SR 49"", ""DirectionOfTravel"": ""both directions"", ""Description"": ""Major event on SR 49 both directions at COLLEGE ST. All lanes closed."", ""Reported"": 1760562000, ""LastUpdated"": 1758733267, ""StartDate"": 1760562000, ""PlannedEndDate"": 1760572800, ""LanesAffected"": ""All lanes closed."", ""Latitude"": 32.55154, ""Longitude"": -83.888008, ""LatitudeSecondary"": 32.555932, ""LongitudeSecondary"": -83.885216, ""EventType"": ""specialEvents"", ""IsFullClosure"": false, ""Severity"": ""2"", ""Comment"": null, ""EncodedPolyline"": ""avteE|j__OCAw@e@uDyB}@k@kBiAw@e@cAc@k@We@UOIqAo@"", ""Restrictions"": {""Width"": null, ""Height"": null, ""Length"": null, ""Weight"": null, ""Speed"": null}, ""DetourPolyline"": """", ""DetourInstructions"": """", ""Recurrence"": ""10/15/2025 - 10/15/2025, 5:00 PM to 8:00 PM"", ""RecurrenceSchedules"": """", ""Subtype"": ""major event""}"
2025-09-28T19:17:54+00:00,,,,,,,,,,,,,False,False,"{""ID"": 2995215, ""SourceId"": ""4986827"", ""Organization"": ""GA-Events"", ""RoadwayName"": ""SR 74"", ""DirectionOfTravel"": ""n"", ""Description"": ""Accident investigation work on SR 74 Northbound at WESTPARK DR. Right lane blocked."", ""Reported"": 1759104000, ""LastUpdated"": 1758952158, ""StartDate"": 1759104000, ""PlannedEndDate"": 1784800800, ""LanesAffected"": ""Right lane blocked."", ""Latitude"": 33.40007, ""Longitude"": -84.59556, ""LatitudeSecondary"": 33.39571, ""LongitudeSecondary"": -84.588808, ""EventType"": ""accidentsAndIncidents"", ""IsFullClosure"": false, ""Severity"": ""1"", ""Comment"": null, ""EncodedPolyline"": ""gmzjEjqicOBE|@yABE|@}ApAaCXk@j@kA`@y@t@_B\\i@Vc@t@aB|@cBPc@vAkCR_@T[hBoCdAaB"", ""Restrictions"": {""Width"": null, ""Height"": null, ""Length"": null, ""Weight"": null, ""Speed"": null}, ""DetourPolyline"": """", ""DetourInstructions"": """", ""Recurrence"": """", ""RecurrenceSchedules"": """", ""Subtype"": ""accident investigation work""}"
2025-09-28T19:17:54+00:00,,,,,,,,,,,,,False,False,"{""ID"": 2995216, ""SourceId"": ""4986828"", ""Organization"": ""GA-Events"", ""RoadwayName"": ""SR 74"", ""DirectionOfTravel"": ""s"", ""Description"": ""Accident investigation work on SR 74 Southbound at CLOVER REACH DR. Right lane blocked."", ""Reported"": 1759104000, ""LastUpdated"": 1758952159, ""StartDate"": 1759104000, ""PlannedEndDate"": 1784800800, ""LanesAffected"": ""Right lane blocked."", ""Latitude"": 33.39571, ""Longitude"": -84.588808, ""LatitudeSecondary"": 33.40007, ""LongitudeSecondary"": -84.59556, ""EventType"": ""accidentsAndIncidents"", ""IsFullClosure"": false, ""Severity"": ""1"", ""Comment"": null, ""EncodedPolyline"": ""gmzjEjqicOBE|@yABE|@}ApAaCXk@j@kA`@y@t@_B\\i@Vc@t@aB|@cBPc@vAkCR_@T[hBoC"", ""Restrictions"": {""Width"": null, ""Height"": null, ""Length"": null, ""Weight"": null, ""Speed"": null}, ""DetourPolyline"": """", ""DetourInstructions"": """", ""Recurrence"": """", ""RecurrenceSchedules"": """", ""Subtype"": ""accident investigation work""}"
2025-09-28T19:17:54+00:00,,,,,,,,,,,,,False,False,"{""ID"": 3005205, ""SourceId"": ""4988523"", ""Organization"": ""GA-Events"", ""RoadwayName"": ""I-85"", ""DirectionOfTravel"": ""n"", ""Description"": ""Road construction on I-85 Northbound at SR 139/Riverdale Rd. Right lane blocked."", ""Reported"": 1759064400, ""LastUpdated"": 1759063957, ""StartDate"": 1759064400, ""PlannedEndDate"": 1759089600, ""LanesAffected"": ""Right lane blocked."", ""Latitude"": 33.629488, ""Longitude"": -84.45592, ""LatitudeSecondary"": 33.641412, ""LongitudeSecondary"": -84.453336, ""EventType"": ""roadwork"", ""IsFullClosure"": false, ""Severity"": ""2"", ""Comment"": null, ""EncodedPolyline"": ""kgglEtgnbOA?e@B_@BWBi@F_@Dw@Lo@Jq@JwAVmCb@yAVuCf@WDi@H_@FYD]Dc@De@DWBc@B_@@g@?g@?[?c@Ak@CSAQCc@Ga@Go@Km@Mi@M_@Ka@M]Mc@QQIWMe@Wa@Ym@a@i@a@e@_@gAcAe@c@c@c@QQ"", ""Restrictions"": {""Width"": null, ""Height"": null, ""Length"": null, ""Weight"": null, ""Speed"": null}, ""DetourPolyline"": """", ""DetourInstructions"": """", ""Recurrence"": """", ""RecurrenceSchedules"": """", ""Subtype"": ""road construction""}"
2025-09-28T19:17:54+00:00,,,,,,,,,,,,,False,False,"{""ID"": 3006965, ""SourceId"": ""4988817"", ""Organization"": ""GA-Events"", ""RoadwayName"": ""ENGLAND CHAPEL RD"", ""DirectionOfTravel"": ""both directions"", ""Description"": ""Road construction on ENGLAND CHAPEL RD both directions at SR 16. All lanes closed."", ""Reported"": 1759060800, ""LastUpdated"": 1759076453, ""StartDate"": 1759060800, ""PlannedEndDate"": 1780261200, ""LanesAffected"": ""All lanes closed."", ""Latitude"": 33.28149, ""Longitude"": -84.043264, ""LatitudeSecondary"": 33.301498, ""LongitudeSecondary"": -84.043056, ""EventType"": ""closures"", ""IsFullClosure"": true, ""Severity"": ""2"", ""Comment"": null, ""EncodedPolyline"": ""ihcjEdu}_Oc@?_H?}@?y@Aq@A_DAsICW?gB@qB?cJ?eCCW?sBBsA@mAAuAA_CCeBAY?e@@s@@c@@e@Bc@@uBBq@?y@As@A[AQA]CYCYC_@C[Aa@?uAAuECuBCiAAiAC}A?uA?qB@y@@"", ""Restrictions"": {""Width"": null, ""Height"": null, ""Length"": null, ""Weight"": null, ""Speed"": null}, ""DetourPolyline"": """", ""DetourInstructions"": """", ""Recurrence"": """", ""RecurrenceSchedules"": """", ""Subtype"": ""road construction""}"
2025-09-28T19:17:54+00:00,,,,,,,,,,,,,False,False,"{""ID"": 3007285, ""SourceId"": ""4988891"", ""Organization"": ""GA-Events"", ""RoadwayName"": ""I-95"", ""DirectionOfTravel"": ""s"", ""Description"": ""Crash on I-95 Southbound past SR 27/US 341. All lanes closed."", ""Reported"": 1759077900, ""LastUpdated"": 1759086702, ""StartDate"": 1759077900, ""PlannedEndDate"": 1759089600, ""LanesAffected"": ""All lanes closed."", ""Latitude"": 31.197934, ""Longitude"": -81.53812, ""LatitudeSecondary"": null, ""LongitudeSecondary"": null, ""EventType"": ""closures"", ""IsFullClosure"": true, ""Severity"": ""3"", ""Comment"": null, ""EncodedPolyline"": null, ""Restrictions"": {""Width"": null, ""Height"": null, ""Length"": null, ""Weight"": null, ""Speed"": null}, ""DetourPolyline"": """", ""DetourInstructions"": """", ""Recurrence"": """", ""RecurrenceSchedules"": """", ""Subtype"": ""crash""}"
2025-09-28T19:17:54+00:00,,,,,,,,,,,,,False,False,"{""ID"": 3008042, ""SourceId"": ""4989018"", ""Organization"": ""GA-Events"", ""RoadwayName"": ""I-20"", ""DirectionOfTravel"": ""w"", ""Description"": ""Crash on I-20 Westbound at Lee St  WB only . Right lane blocked."", ""Reported"": 1759081800, ""LastUpdated"": 1759085268, ""StartDate"": 1759081800, ""PlannedEndDate"": 1759088700, ""LanesAffected"": ""Right lane blocked."", ""Latitude"": 33.742016, ""Longitude"": -84.41896, ""LatitudeSecondary"": null, ""LongitudeSecondary"": null, ""EventType"": ""accidentsAndIncidents"", ""IsFullClosure"": false, ""Severity"": ""1"", ""Comment"": null, ""EncodedPolyline"": null, ""Restrictions"": {""Width"": null, ""Height"": null, ""Length"": null, ""Weight"": null, ""Speed"": null}, ""DetourPolyline"": """", ""DetourInstructions"": """", ""Recurrence"": """", ""RecurrenceSchedules"": """", ""Subtype"": ""crash""}"
2025-09-28T19:17:54+00:00,,,,,,,,,,,,,False,False,"{""ID"": 3008973, ""SourceId"": ""4989181"", ""Organization"": ""GA-Events"", ""RoadwayName"": ""I-75"", ""DirectionOfTravel"": ""s"", ""Description"": ""Brush fire on I-75 Southbound before SR 257  Exit 102 . Right lane blocked."", ""Reported"": 1759085580, ""LastUpdated"": 1759086541, ""StartDate"": 1759085580, ""PlannedEndDate"": 1759087560, ""LanesAffected"": ""Right lane blocked."", ""Latitude"": 31.974548, ""Longitude"": -83.753792, ""LatitudeSecondary"": null, ""LongitudeSecondary"": null, ""EventType"": ""accidentsAndIncidents"", ""IsFullClosure"": false, ""Severity"": ""1"", ""Comment"": null, ""EncodedPolyline"": null, ""Restrictions"": {""Width"": null, ""Height"": null, ""Length"": null, ""Weight"": null, ""Speed"": null}, ""DetourPolyline"": """", ""DetourInstructions"": """", ""Recurrence"": """", ""RecurrenceSchedules"": """", ""Subtype"": ""brush fire""}"
2025-09-28T19:28:37+00:00,10,roadwork,road construction,Road construction on SR 1 both directions at DENTON RD.. 2 right lanes are blocked.,,1693022400,1769920200,34.063612,-85.232752,2 right lanes are blocked.,SR 1,both directions,False,False,"{""ID"": 10, ""SourceId"": ""3458465"", ""Organization"": ""GA-Events"", ""RoadwayName"": ""SR 1"", ""DirectionOfTravel"": ""both directions"", ""Description"": ""Road construction on SR 1 both directions at DENTON RD.. 2 right lanes are blocked."", ""Reported"": 1693022400, ""LastUpdated"": 1711201085, ""StartDate"": 1693022400, ""PlannedEndDate"": 1769920200, ""LanesAffected"": ""2 right lanes are blocked."", ""Latitude"": 34.063612, ""Longitude"": -85.232752, ""LatitudeSecondary"": 34.07344, ""LongitudeSecondary"": -85.23352, ""EventType"": ""roadwork"", ""IsFullClosure"": false, ""Severity"": ""3"", ""Comment"": null, ""EncodedPolyline"": ""oe|nE``fgO|CK"", ""Restrictions"": {""Width"": null, ""Height"": null, ""Length"": null, ""Weight"": null, ""Speed"": null}, ""DetourPolyline"": """", ""DetourInstructions"": """", ""Recurrence"": """", ""RecurrenceSchedules"": """", ""Subtype"": ""road construction""}"
2025-09-28T19:28:37+00:00,15,roadwork,road construction,Road construction on SR 38 both directions at COMMUNITY DR. 2 lanes blocked.,,1719442800,1762030800,31.23211,-82.330672,2 lanes blocked.,SR 38,both directions,False,False,"{""ID"": 15, ""SourceId"": ""4080970"", ""Organization"": ""GA-Events"", ""RoadwayName"": ""SR 38"", ""DirectionOfTravel"": ""both directions"", ""Description"": ""Road construction on SR 38 both directions at COMMUNITY DR. 2 lanes blocked."", ""Reported"": 1719442800, ""LastUpdated"": 1752059086, ""StartDate"": 1719442800, ""PlannedEndDate"": 1762030800, ""LanesAffected"": ""2 lanes blocked."", ""Latitude"": 31.23211, ""Longitude"": -82.330672, ""LatitudeSecondary"": 31.24198, ""LongitudeSecondary"": -82.318784, ""EventType"": ""roadwork"", ""IsFullClosure"": false, ""Severity"": ""2"", ""Comment"": null, ""EncodedPolyline"": ""q_s}DreouNYa@uGyIoBmC]c@oAeBcDeE{CuDkB}B_AiAKMKM[_@mA}Ao@w@sAaBMMuAcBy@eAs@}@yBqCwBoCcDiEkA}A"", ""Restrictions"": {""Width"": null, ""Height"": null, ""Length"": null, ""Weight"": null, ""Speed"": null}, ""DetourPolyline"": """", ""DetourInstructions"": """", ""Recurrence"": """", ""RecurrenceSchedules"": """", ""Subtype"": ""road construction""}"
2025-09-28T19:28:37+00:00,17,roadwork,road construction,Road construction on SR 38 Eastbound at JAMES E JOHNSON . 2 right lanes are blocked.,,1721631600,1780167600,31.616816,-81.874528,2 right lanes are blocked.,SR 38,e,False,False,"{""ID"": 17, ""SourceId"": ""4160010"", ""Organization"": ""GA-Events"", ""RoadwayName"": ""SR 38"", ""DirectionOfTravel"": ""e"", ""Description"": ""Road construction on SR 38 Eastbound at JAMES E JOHNSON . 2 right lanes are blocked."", ""Reported"": 1721631600, ""LastUpdated"": 1758808867, ""StartDate"": 1721631600, ""PlannedEndDate"": 1780167600, ""LanesAffected"": ""2 right lanes are blocked."", ""Latitude"": 31.616816, ""Longitude"": -81.874528, ""LatitudeSecondary"": 31.713268, ""LongitudeSecondary"": -81.746056, ""EventType"": ""roadwork"", ""IsFullClosure"": false, ""Severity"": ""2"", ""Comment"": null, ""EncodedPolyline"": ""yc~_EpbvrNEG_AgAKMgDwDWYkCyCGGuA_BmBwBMi@[a@k@m@sB_CqA}A{@cAsA{AUUWUo@i@aAo@iAm@c@Oi@UgA[uAYqAQiAOqBQaASo@Ws@[i@Q_@?yQwHoB{@sKqEQIs@[q@Ys_@aPmL_Fa@QmQuH}@_@wH_Do@W_CaAaDwAyBaA[MYMgBu@m@WeKkEaBs@SIaXcLoAg@kBy@cGkCsCoAuAm@}BaAcAc@gEkBgBw@cBgBgAgAIIk@m@}AuBUq@GSQ[[i@u@kB}@}BgCgHcAsC{DyKoAmDgA}Cc@oAm@aBk@_B}E_NSi@_AgC_AcCeAgC_AqBs@}AyBuEeCaFuDwHsEgJ[m@kIsPyAwC{CkGoCsF{@eBy@eBu@gBk@eBe@cB[}Ag@wCq@{DgAoGYeBCOc@iCc@kCa@aCYaB]oB_@_CSmAQgASkAKi@GQGUO_AUwAs@iEw@gDcAeDoAeDyAgDUg@a@}@O]s@cBg@iAe@gAwDuI}DeJc@aAcFgLmDaIaDmHGOACy@kBs@_BoCmGCGkBkEwAaDWk@yFsMiEyJgEuJgBaEsByEwB}EaBuD{AmDu@cBg@iAKSAEiLwWoEaKsA}C_Rmb@gEsJeC{FiC_GiAgCYq@qAcCyDeJg@kAg@mAg@iAO]GM[u@a@_AIOQa@_AsB[q@s@_BqAwCUi@_@{@sCwGGM_@}@y@qBMYIOO[KUa@aAIS]y@g@mAIQIOa@s@"", ""Restrictions"": {""Width"": null, ""Height"": null, ""Length"": null, ""Weight"": null, ""Speed"": null}, ""DetourPolyline"": """", ""DetourInstructions"": """", ""Recurrence"": """", ""RecurrenceSchedules"": """", ""Subtype"": ""road construction""}"
2025-09-28T19:28:37+00:00,26,closures,road construction,Road construction on SR 1 Northbound at DENTON RD.. All lanes closed.,,1730955600,1767328200,34.063612,-85.232752,All lanes closed.,SR 1,n,False,False,"{""ID"": 26, ""SourceId"": ""4373390"", ""Organization"": ""GA-Events"", ""RoadwayName"": ""SR 1"", ""DirectionOfTravel"": ""n"", ""Description"": ""Road construction on SR 1 Northbound at DENTON RD.. All lanes closed."", ""Reported"": 1730955600, ""LastUpdated"": 1731041945, ""StartDate"": 1730955600, ""PlannedEndDate"": 1767328200, ""LanesAffected"": ""All lanes closed."", ""Latitude"": 34.063612, ""Longitude"": -85.232752, ""LatitudeSecondary"": 34.07344, ""LongitudeSecondary"": -85.23352, ""EventType"": ""closures"", ""IsFullClosure"": true, ""Severity"": ""3"", ""Comment"": null, ""EncodedPolyline"": ""oe|nE``fgO|CK"", ""Restrictions"": {""Width"": null, ""Height"": null, ""Length"": null, ""Weight"": null, ""Speed"": null}, ""DetourPolyline"": """", ""DetourInstructions"": """", ""Recurrence"": """", ""RecurrenceSchedules"": """", ""Subtype"": ""road construction""}"
2025-09-28T19:28:37+00:00,30,closures,road construction,Road construction on SR 8 both directions at SR 174. All lanes closed.,,1731409200,1761913800,34.227708,-83.188824,All lanes closed.,SR 8,both directions,False,False,"{""ID"": 30, ""SourceId"": ""4381555"", ""Organization"": ""GA-Events"", ""RoadwayName"": ""SR 8"", ""DirectionOfTravel"": ""both directions"", ""Description"": ""Road construction on SR 8 both directions at SR 174. All lanes closed."", ""Reported"": 1731409200, ""LastUpdated"": 1756822040, ""StartDate"": 1731409200, ""PlannedEndDate"": 1761913800, ""LanesAffected"": ""All lanes closed."", ""Latitude"": 34.227708, ""Longitude"": -83.188824, ""LatitudeSecondary"": 34.243364, ""LongitudeSecondary"": -83.176888, ""EventType"": ""closures"", ""IsFullClosure"": true, ""Severity"": ""3"", ""Comment"": null, ""EncodedPolyline"": ""ab|oE~xvzNCAyE{Ce@YkBeAWMm@Sm@Ss@WcAWwA][IOEe@MyBg@eA_@k@[QIe@W{@q@a@[_@c@u@{@uAcBwGaI_GeH}BoC}@kAq@q@u@s@YWCCECIIWM]OoAu@SM_@Sa@Sy@c@sCyA_FiC"", ""Restrictions"": {""Width"": null, ""Height"": null, ""Length"": null, ""Weight"": null, ""Speed"": null}, ""DetourPolyline"": """", ""DetourInstructions"": """", ""Recurrence"": """", ""RecurrenceSchedules"": """", ""Subtype"": ""road construction""}"
2025-09-28T19:28:37+00:00,437352,closures,road construction,Road construction on SR 1 both directions at DENTON RD. All lanes closed.,,1736830800,1769920200,34.063612,-85.232752,All lanes closed.,SR 1,both directions,False,False,"{""ID"": 437352, ""SourceId"": ""4488243"", ""Organization"": ""GA-Events"", ""RoadwayName"": ""SR 1"", ""DirectionOfTravel"": ""both directions"", ""Description"": ""Road construction on SR 1 both directions at DENTON RD. All lanes closed."", ""Reported"": 1736830800, ""LastUpdated"": 1752620902, ""StartDate"": 1736830800, ""PlannedEndDate"": 1769920200, ""LanesAffected"": ""All lanes closed."", ""Latitude"": 34.063612, ""Longitude"": -85.232752, ""LatitudeSecondary"": 34.07344, ""LongitudeSecondary"": -85.23352, ""EventType"": ""closures"", ""IsFullClosure"": true, ""Severity"": ""3"", ""Comment"": null, ""EncodedPolyline"": ""}}}nEzdfgOJAdQo@xLc@~G[pCK|DMhBIf@C"", ""Restrictions"": {""Width"": null, ""Height"": null, ""Length"": null, ""Weight"": null, ""Speed"": null}, ""DetourPolyline"": """", ""DetourInstructions"": """", ""Recurrence"": """", ""RecurrenceSchedules"": """", ""Subtype"": ""road construction""}"
2025-09-28T19:28:37+00:00,486042,roadwork,road construction,Road construction on SR 14 Southbound at WARE AVE. Right lane blocked.,,1737378000,1759784400,33.675684,-84.442872,Right lane blocked.,SR 14,s,False,False,"{""ID"": 486042, ""SourceId"": ""4497189"", ""Organization"": ""GA-Events"", ""RoadwayName"": ""SR 14"", ""DirectionOfTravel"": ""s"", ""Description"": ""Road construction on SR 14 Southbound at WARE AVE. Right lane blocked."", ""Reported"": 1737378000, ""LastUpdated"": 1737414066, ""StartDate"": 1737378000, ""PlannedEndDate"": 1759784400, ""LanesAffected"": ""Right lane blocked."", ""Latitude"": 33.675684, ""Longitude"": -84.442872, ""LatitudeSecondary"": 33.675708, ""LongitudeSecondary"": -84.442864, ""EventType"": ""roadwork"", ""IsFullClosure"": false, ""Severity"": ""2"", ""Comment"": null, ""EncodedPolyline"": ""ehplEtvkbOD@"", ""Restrictions"": {""Width"": null, ""Height"": null, ""Length"": null, ""Weight"": null, ""Speed"": null}, ""DetourPolyline"": """", ""DetourInstructions"": """", ""Recurrence"": """", ""RecurrenceSchedules"": """", ""Subtype"": ""road construction""}"
2025-09-28T19:28:37+00:00,599004,roadwork,road construction,Road construction on SR 74 Eastbound at CITY LAKE RD. Right lane blocked.,,1738720800,1770199200,33.548344,-84.577544,Right lane blocked.,SR 74,e,False,False,"{""ID"": 599004, ""SourceId"": ""4520703"", ""Organization"": ""GA-Events"", ""RoadwayName"": ""SR 74"", ""DirectionOfTravel"": ""e"", ""Description"": ""Road construction on SR 74 Eastbound at CITY LAKE RD. Right lane blocked."", ""Reported"": 1738720800, ""LastUpdated"": 1738738781, ""StartDate"": 1738720800, ""PlannedEndDate"": 1770199200, ""LanesAffected"": ""Right lane blocked."", ""Latitude"": 33.548344, ""Longitude"": -84.577544, ""LatitudeSecondary"": 33.54264, ""LongitudeSecondary"": -84.576952, ""EventType"": ""roadwork"", ""IsFullClosure"": false, ""Severity"": ""2"", ""Comment"": null, ""EncodedPolyline"": ""glwkEjafcOCU"", ""Restrictions"": {""Width"": null, ""Height"": null, ""Length"": null, ""Weight"": null, ""Speed"": null}, ""DetourPolyline"": """", ""DetourInstructions"": """", ""Recurrence"": """", ""RecurrenceSchedules"": """", ""Subtype"": ""road construction""}"
2025-09-28T19:28:37+00:00,791240,roadwork,road construction,Road construction on I-85 Northbound at SR 74/Senoia Rd. Left lane blocked.,,1740621600,1770199200,33.541256,-84.5874,Left lane blocked.,I-85,n,False,False,"{""ID"": 791240, ""SourceId"": ""4555180"", ""Organization"": ""GA-Events"", ""RoadwayName"": ""I-85"", ""DirectionOfTravel"": ""n"", ""Description"": ""Road construction on I-85 Northbound at SR 74/Senoia Rd. Left lane blocked."", ""Reported"": 1740621600, ""LastUpdated"": 1744953364, ""StartDate"": 1740621600, ""PlannedEndDate"": 1770199200, ""LanesAffected"": ""Left lane blocked."", ""Latitude"": 33.541256, ""Longitude"": -84.5874, ""LatitudeSecondary"": 33.546218, ""LongitudeSecondary"": -84.57744, ""EventType"": ""roadwork"", ""IsFullClosure"": false, ""Severity"": ""2"", ""Comment"": null, ""EncodedPolyline"": ""e`vkEl~gcOGKaAuB"", ""Restrictions"": {""Width"": null, ""Height"": null, ""Length"": null, ""Weight"": null, ""Speed"": null}, ""DetourPolyline"": """", ""DetourInstructions"": """", ""Recurrence"": """", ""RecurrenceSchedules"": """", ""Subtype"": ""road construction""}"
2025-09-28T19:28:37+00:00,911830,closures,road construction,Road construction on JEFF DAVIS RD both directions at BAKER BRITT RD. All lanes closed.,,1741779000,1759233600,32.933952,-84.361224,All lanes closed.,JEFF DAVIS RD,both directions,False,False,"{""ID"": 911830, ""SourceId"": ""4576983"", ""Organization"": ""GA-Events"", ""RoadwayName"": ""JEFF DAVIS RD"", ""DirectionOfTravel"": ""both directions"", ""Description"": ""Road construction on JEFF DAVIS RD both directions at BAKER BRITT RD. All lanes closed."", ""Reported"": 1741779000, ""LastUpdated"": 1741792861, ""StartDate"": 1741779000, ""PlannedEndDate"": 1759233600, ""LanesAffected"": ""All lanes closed."", ""Latitude"": 32.933952, ""Longitude"": -84.361224, ""LatitudeSecondary"": 32.93415, ""LongitudeSecondary"": -84.355296, ""EventType"": ""closures"", ""IsFullClosure"": true, ""Severity"": ""3"", ""Comment"": null, ""EncodedPolyline"": ""ml_hEjx{aO?F"", ""Restrictions"": {""Width"": null, ""Height"": null, ""Length"": null, ""Weight"": null, ""Speed"": null}, ""DetourPolyline"": """", ""DetourInstructions"": """", ""Recurrence"": """", ""RecurrenceSchedules"": """", ""Subtype"": ""road construction""}"
2025-09-28T19:28:37+00:00,1203829,closures,road construction,Road construction on OGEECHEE RIVER RD/CR 56 both directions at SR 16/MACON HWY. All lanes closed.,,1744279200,1759788000,33.295598,-82.770872,All lanes closed.,OGEECHEE RIVER RD/CR 56,both directions,False,False,"{""ID"": 1203829, ""SourceId"": ""4630228"", ""Organization"": ""GA-Events"", ""RoadwayName"": ""OGEECHEE RIVER RD/CR 56"", ""DirectionOfTravel"": ""both directions"", ""Description"": ""Road construction on OGEECHEE RIVER RD/CR 56 both directions at SR 16/MACON HWY. All lanes closed."", ""Reported"": 1744279200, ""LastUpdated"": 1744293004, ""StartDate"": 1744279200, ""PlannedEndDate"": 1759788000, ""LanesAffected"": ""All lanes closed."", ""Latitude"": 33.295598, ""Longitude"": -82.770872, ""LatitudeSecondary"": 33.319096, ""LongitudeSecondary"": -82.774848, ""EventType"": ""closures"", ""IsFullClosure"": true, ""Severity"": ""2"", ""Comment"": null, ""EncodedPolyline"": ""o`fjE|dexNcW}MeBy@qAa@mAMoBE{QO}D@gBFsBP"", ""Restrictions"": {""Width"": null, ""Height"": null, ""Length"": null, ""Weight"": null, ""Speed"": null}, ""DetourPolyline"": """", ""DetourInstructions"": """", ""Recurrence"": """", ""RecurrenceSchedules"": """", ""Subtype"": ""road construction""}"
2025-09-28T19:28:37+00:00,1270216,specialEvents,major event,Major event on SR 9 Northbound at MANGOLIA ST. 1 lane blocked.,,1760648400,1760666400,34.023432,-84.361512,1 lane blocked.,SR 9,n,False,False,"{""ID"": 1270216, ""SourceId"": ""4641669"", ""Organization"": ""GA-Events"", ""RoadwayName"": ""SR 9"", ""DirectionOfTravel"": ""n"", ""Description"": ""Major event on SR 9 Northbound at MANGOLIA ST. 1 lane blocked."", ""Reported"": 1760648400, ""LastUpdated"": 1744819544, ""StartDate"": 1760648400, ""PlannedEndDate"": 1760666400, ""LanesAffected"": ""1 lane blocked."", ""Latitude"": 34.023432, ""Longitude"": -84.361512, ""LatitudeSecondary"": 34.02336, ""LongitudeSecondary"": -84.361512, ""EventType"": ""specialEvents"", ""IsFullClosure"": false, ""Severity"": ""2"", ""Comment"": null, ""EncodedPolyline"": ""_etnErz{aOM?"", ""Restrictions"": {""Width"": null, ""Height"": null, ""Length"": null, ""Weight"": null, ""Speed"": null}, ""DetourPolyline"": """", ""DetourInstructions"": """", ""Recurrence"": ""10/16/2025 - 10/16/2025, 5:00 PM to 10:00 PM"", ""RecurrenceSchedules"": """", ""Subtype"": ""major event""}"
2025-09-28T19:28:37+00:00,1483703,closures,road construction,Road construction on SR 54 both directions at ROBINSON RD. All lanes closed.,,1746662400,1762340400,33.260872,-84.721992,All lanes closed.,SR 54,both directions,False,False,"{""ID"": 1483703, ""SourceId"": ""4682211"", ""Organization"": ""GA-Events"", ""RoadwayName"": ""SR 54"", ""DirectionOfTravel"": ""both directions"", ""Description"": ""Road construction on SR 54 both directions at ROBINSON RD. All lanes closed."", ""Reported"": 1746662400, ""LastUpdated"": 1746640590, ""StartDate"": 1746662400, ""PlannedEndDate"": 1762340400, ""LanesAffected"": ""All lanes closed."", ""Latitude"": 33.260872, ""Longitude"": -84.721992, ""LatitudeSecondary"": 33.244622, ""LongitudeSecondary"": -84.732104, ""EventType"": ""closures"", ""IsFullClosure"": true, ""Severity"": ""3"", ""Comment"": null, ""EncodedPolyline"": ""mg_jElgbdOw@vE"", ""Restrictions"": {""Width"": null, ""Height"": null, ""Length"": null, ""Weight"": null, ""Speed"": null}, ""DetourPolyline"": """", ""DetourInstructions"": """", ""Recurrence"": """", ""RecurrenceSchedules"": """", ""Subtype"": ""road construction""}"
2025-09-28T19:28:37+00:00,1540256,closures,road construction,Road construction on SR 243 both directions at SR 113 ALT . All lanes closed.,,1747148400,1770438600,33.068318,-83.223672,All lanes closed.,SR 243,both directions,False,False,"{""ID"": 1540256, ""SourceId"": ""4694077"", ""Organization"": ""GA-Events"", ""RoadwayName"": ""SR 243"", ""DirectionOfTravel"": ""both directions"", ""Description"": ""Road construction on SR 243 both directions at SR 113 ALT . All lanes closed."", ""Reported"": 1747148400, ""LastUpdated"": 1747158662, ""StartDate"": 1747148400, ""PlannedEndDate"": 1770438600, ""LanesAffected"": ""All lanes closed."", ""Latitude"": 33.068318, ""Longitude"": -83.223672, ""LatitudeSecondary"": 33.072846, ""LongitudeSecondary"": -83.224656, ""EventType"": ""closures"", ""IsFullClosure"": true, ""Severity"": ""2"", ""Comment"": null, ""EncodedPolyline"": ""}syhEbs}zNM@"", ""Restrictions"": {""Width"": null, ""Height"": null, ""Length"": null, ""Weight"": null, ""Speed"": null}, ""DetourPolyline"": """", ""DetourInstructions"": """", ""Recurrence"": """", ""RecurrenceSchedules"": """", ""Subtype"": ""road construction""}"
2025-09-28T19:28:37+00:00,1750333,specialEvents,major event,Major event on SR 9 Northbound at MAGNOLIA ST. All lanes closed.,,1759579200,1759593600,34.023184,-84.36152,All lanes closed.,SR 9,n,False,False,"{""ID"": 1750333, ""SourceId"": ""4735166"", ""Organization"": ""GA-Events"", ""RoadwayName"": ""SR 9"", ""DirectionOfTravel"": ""n"", ""Description"": ""Major event on SR 9 Northbound at MAGNOLIA ST. All lanes closed."", ""Reported"": 1759579200, ""LastUpdated"": 1748881504, ""StartDate"": 1759579200, ""PlannedEndDate"": 1759593600, ""LanesAffected"": ""All lanes closed."", ""Latitude"": 34.023184, ""Longitude"": -84.36152, ""LatitudeSecondary"": 34.023428, ""LongitudeSecondary"": -84.361512, ""EventType"": ""specialEvents"", ""IsFullClosure"": false, ""Severity"": ""1"", ""Comment"": null, ""EncodedPolyline"": ""{ctnErz{aOG?"", ""Restrictions"": {""Width"": null, ""Height"": null, ""Length"": null, ""Weight"": null, ""Speed"": null}, ""DetourPolyline"": """", ""DetourInstructions"": """", ""Recurrence"": ""10/4/2025 - 10/4/2025, 8:00 AM to 12:00 PM"", ""RecurrenceSchedules"": """", ""Subtype"": ""major event""}"
2025-09-28T19:28:37+00:00,1799702,specialEvents,major event,Major event on SR 54 Eastbound at MCDONOUGH RD. All lanes closed.,,1763470800,1763485200,33.456798,-84.421808,All lanes closed.,SR 54,e,False,False,"{""ID"": 1799702, ""SourceId"": ""4745103"", ""Organization"": ""GA-Events"", ""RoadwayName"": ""SR 54"", ""DirectionOfTravel"": ""e"", ""Description"": ""Major event on SR 54 Eastbound at MCDONOUGH RD. All lanes closed."", ""Reported"": 1763470800, ""LastUpdated"": 1749254715, ""StartDate"": 1763470800, ""PlannedEndDate"": 1763485200, ""LanesAffected"": ""All lanes closed."", ""Latitude"": 33.456798, ""Longitude"": -84.421808, ""LatitudeSecondary"": 33.466716, ""LongitudeSecondary"": -84.41768, ""EventType"": ""specialEvents"", ""IsFullClosure"": false, ""Severity"": ""1"", ""Comment"": null, ""EncodedPolyline"": ""mtekEbqgbOXF^JvAj@"", ""Restrictions"": {""Width"": null, ""Height"": null, ""Length"": null, ""Weight"": null, ""Speed"": null}, ""DetourPolyline"": """", ""DetourInstructions"": """", ""Recurrence"": ""11/18/2025 - 11/18/2025, 8:00 AM to 12:00 PM"", ""RecurrenceSchedules"": """", ""Subtype"": ""major event""}"
2025-09-28T19:28:37+00:00,1943509,closures,road construction,Road construction on SR 90 both directions at LOWER REBECCA RD. All lanes closed.,,1750262400,1763485200,31.818388,-83.46856,All lanes closed.,SR 90,both directions,False,False,"{""ID"": 1943509, ""SourceId"": ""4774732"", ""Organization"": ""GA-Events"", ""RoadwayName"": ""SR 90"", ""DirectionOfTravel"": ""both directions"", ""Description"": ""Road construction on SR 90 both directions at LOWER REBECCA RD. All lanes closed."", ""Reported"": 1750262400, ""LastUpdated"": 1750368938, ""StartDate"": 1750262400, ""PlannedEndDate"": 1763485200, ""LanesAffected"": ""All lanes closed."", ""Latitude"": 31.818388, ""Longitude"": -83.46856, ""LatitudeSecondary"": 31.818388, ""LongitudeSecondary"": -83.46856, ""EventType"": ""closures"", ""IsFullClosure"": true, ""Severity"": ""2"", ""Comment"": null, ""EncodedPolyline"": null, ""Restrictions"": {""Width"": null, ""Height"": null, ""Length"": null, ""Weight"": null, ""Speed"": null}, ""DetourPolyline"": """", ""DetourInstructions"": """", ""Recurrence"": """", ""RecurrenceSchedules"": """", ""Subtype"": ""road construction""}"
2025-09-28T19:28:37+00:00,2258399,closures,road construction,Road construction on FRAN MARR DR both directions at SARDIS DR. All lanes closed.,,1752667200,1761912000,34.341384,-83.90092,All lanes closed.,FRAN MARR DR,both directions,False,False,"{""ID"": 2258399, ""SourceId"": ""4835737"", ""Organization"": ""GA-Events"", ""RoadwayName"": ""FRAN MARR DR"", ""DirectionOfTravel"": ""both directions"", ""Description"": ""Road construction on FRAN MARR DR both directions at SARDIS DR. All lanes closed."", ""Reported"": 1752667200, ""LastUpdated"": 1756857759, ""StartDate"": 1752667200, ""PlannedEndDate"": 1761912000, ""LanesAffected"": ""All lanes closed."", ""Latitude"": 34.341384, ""Longitude"": -83.90092, ""LatitudeSecondary"": 34.34128, ""LongitudeSecondary"": -83.900192, ""EventType"": ""closures"", ""IsFullClosure"": true, ""Severity"": ""2"", ""Comment"": null, ""EncodedPolyline"": ""ghrpEt{a_OK?"", ""Restrictions"": {""Width"": null, ""Height"": null, ""Length"": null, ""Weight"": null, ""Speed"": null}, ""DetourPolyline"": """", ""DetourInstructions"": """", ""Recurrence"": """", ""RecurrenceSchedules"": """", ""Subtype"": ""road construction""}"
2025-09-28T19:28:37+00:00,2319288,specialEvents,major event,Major event on SR 155 both directions at CHAPEL PARK DR. Right lane blocked.,,1760187600,1760194800,33.683748,-84.23596,Right lane blocked.,SR 155,both directions,False,False,"{""ID"": 2319288, ""SourceId"": ""4847089"", ""Organization"": ""GA-Events"", ""RoadwayName"": ""SR 155"", ""DirectionOfTravel"": ""both directions"", ""Description"": ""Major event on SR 155 both directions at CHAPEL PARK DR. Right lane blocked."", ""Reported"": 1760187600, ""LastUpdated"": 1753127442, ""StartDate"": 1760187600, ""PlannedEndDate"": 1760194800, ""LanesAffected"": ""Right lane blocked."", ""Latitude"": 33.683748, ""Longitude"": -84.23596, ""LatitudeSecondary"": 33.686532, ""LongitudeSecondary"": -84.202008, ""EventType"": ""specialEvents"", ""IsFullClosure"": false, ""Severity"": ""2"", ""Comment"": null, ""EncodedPolyline"": ""elrlEju|`OCHTjARhAPhAPbATnA@HN`ABNF^Hv@Hr@RhCL|ATfDL~Al@pILdBLrA@JJ|@Ff@Hb@ThA\\tAH\\Nf@L^Tl@d@fAn@pAbAjBx@xAZh@d@v@h@|@h@t@Z`@lAzAr@|@x@dA`ApAx@tAl@nATf@JXJZN^^nAH^Rv@ZfBNfAFl@BZNrBBxA@rAAjAEjAKzASdB[|BUxAGZq@bEMt@Kn@Gh@E^]rCCNS|AKx@Er@Mx@Kr@?XGZADAHKl@Qz@U`AK^KVSj@Qd@OZSf@m@fAIj@IPGJi@`AOXk@bA{@`Bc@r@Uf@Sl@M`@Mr@MdAG`AA`@?h@A~@?D"", ""Restrictions"": {""Width"": null, ""Height"": null, ""Length"": null, ""Weight"": null, ""Speed"": null}, ""DetourPolyline"": """", ""DetourInstructions"": """", ""Recurrence"": ""10/11/2025 - 10/11/2025, 9:00 AM to 11:00 AM"", ""RecurrenceSchedules"": """", ""Subtype"": ""major event""}"
2025-09-28T19:28:37+00:00,2332465,closures,road construction,Road construction on SR 520 BUS Westbound at S FRONT ST. All lanes closed.,,1753230600,1796079600,31.57543,-84.14904,All lanes closed.,SR 520 BUS,w,False,False,"{""ID"": 2332465, ""SourceId"": ""4849872"", ""Organization"": ""GA-Events"", ""RoadwayName"": ""SR 520 BUS"", ""DirectionOfTravel"": ""w"", ""Description"": ""Road construction on SR 520 BUS Westbound at S FRONT ST. All lanes closed."", ""Reported"": 1753230600, ""LastUpdated"": 1753227068, ""StartDate"": 1753230600, ""PlannedEndDate"": 1796079600, ""LanesAffected"": ""All lanes closed."", ""Latitude"": 31.57543, ""Longitude"": -84.14904, ""LatitudeSecondary"": 31.57547, ""LongitudeSecondary"": -84.145112, ""EventType"": ""closures"", ""IsFullClosure"": true, ""Severity"": ""3"", ""Comment"": null, ""EncodedPolyline"": ""_av_Enjr`O?AEgBAu@CeAAoACcBGkDEQAk@AWAg@Ac@?YAM"", ""Restrictions"": {""Width"": null, ""Height"": null, ""Length"": null, ""Weight"": null, ""Speed"": null}, ""DetourPolyline"": """", ""DetourInstructions"": """", ""Recurrence"": """", ""RecurrenceSchedules"": """", ""Subtype"": ""road construction""}"
2025-09-28T19:28:37+00:00,2354505,closures,road construction,Road construction on I-75 Southbound at SR 20/Canton Highway. All lanes closed.,,1752555600,1764554400,34.20652,-84.761584,All lanes closed.,I-75,s,False,False,"{""ID"": 2354505, ""SourceId"": ""4833251"", ""Organization"": ""GA-Events"", ""RoadwayName"": ""I-75"", ""DirectionOfTravel"": ""s"", ""Description"": ""Road construction on I-75 Southbound at SR 20/Canton Highway. All lanes closed."", ""Reported"": 1752555600, ""LastUpdated"": 1753394108, ""StartDate"": 1752555600, ""PlannedEndDate"": 1764554400, ""LanesAffected"": ""All lanes closed."", ""Latitude"": 34.20652, ""Longitude"": -84.761584, ""LatitudeSecondary"": 34.20652, ""LongitudeSecondary"": -84.761584, ""EventType"": ""closures"", ""IsFullClosure"": true, ""Severity"": ""2"", ""Comment"": null, ""EncodedPolyline"": null, ""Restrictions"": {""Width"": null, ""Height"": null, ""Length"": null, ""Weight"": null, ""Speed"": null}, ""DetourPolyline"": """", ""DetourInstructions"": """", ""Recurrence"": """", ""RecurrenceSchedules"": """", ""Subtype"": ""road construction""}"
2025-09-28T19:28:37+00:00,2394371,roadwork,road construction,Road construction on CAPITOL AVE Northbound at I-20 . 2 right lanes are blocked.,,1753675200,1759143600,33.74562,-84.39468,2 right lanes are blocked.,CAPITOL AVE,n,False,False,"{""ID"": 2394371, ""SourceId"": ""4861605"", ""Organization"": ""GA-Events"", ""RoadwayName"": ""CAPITOL AVE"", ""DirectionOfTravel"": ""n"", ""Description"": ""Road construction on CAPITOL AVE Northbound at I-20 . 2 right lanes are blocked."", ""Reported"": 1753675200, ""LastUpdated"": 1758969985, ""StartDate"": 1753675200, ""PlannedEndDate"": 1759143600, ""LanesAffected"": ""2 right lanes are blocked."", ""Latitude"": 33.74562, ""Longitude"": -84.39468, ""LatitudeSecondary"": 33.744584, ""LongitudeSecondary"": -84.38756, ""EventType"": ""roadwork"", ""IsFullClosure"": false, ""Severity"": ""2"", ""Comment"": null, ""EncodedPolyline"": ""sv}lEn~`bOI?M?"", ""Restrictions"": {""Width"": null, ""Height"": null, ""Length"": null, ""Weight"": null, ""Speed"": null}, ""DetourPolyline"": """", ""DetourInstructions"": """", ""Recurrence"": """", ""RecurrenceSchedules"": """", ""Subtype"": ""road construction""}"
2025-09-28T19:28:37+00:00,2472764,specialEvents,major event,Major event on SR 42 Northbound at AUSTIN AVE. All lanes closed.,,1760889600,1760896800,33.761832,-84.349456,All lanes closed.,SR 42,n,False,False,"{""ID"": 2472764, ""SourceId"": ""4878013"", ""Organization"": ""GA-Events"", ""RoadwayName"": ""SR 42"", ""DirectionOfTravel"": ""n"", ""Description"": ""Major event on SR 42 Northbound at AUSTIN AVE. All lanes closed."", ""Reported"": 1760889600, ""LastUpdated"": 1754317673, ""StartDate"": 1760889600, ""PlannedEndDate"": 1760896800, ""LanesAffected"": ""All lanes closed."", ""Latitude"": 33.761832, ""Longitude"": -84.349456, ""LatitudeSecondary"": 33.770288, ""LongitudeSecondary"": -84.349064, ""EventType"": ""specialEvents"", ""IsFullClosure"": false, ""Severity"": ""2"", ""Comment"": null, ""EncodedPolyline"": ""_eamEtmyaOWBo@Ae@AiA?oAAK?aA?g@?Y?eAAY?g@?_@?WAQAOC[IGAOCSCWAa@?iA?y@AQ?{@AU?_@?iAAI?S?u@AaDA{@?e@?Y?k@@S?S?"", ""Restrictions"": {""Width"": null, ""Height"": null, ""Length"": null, ""Weight"": null, ""Speed"": null}, ""DetourPolyline"": """", ""DetourInstructions"": """", ""Recurrence"": ""10/19/2025 - 10/19/2025, 12:00 PM to 2:00 PM"", ""RecurrenceSchedules"": """", ""Subtype"": ""major event""}"
2025-09-28T19:28:37+00:00,2541027,roadwork,road construction,Road construction on SR 101 Southbound at W 5TH ST. Left lane blocked.,,1754625600,1761883200,34.256856,-85.178232,Left lane blocked.,SR 101,s,False,False,"{""ID"": 2541027, ""SourceId"": ""4891182"", ""Organization"": ""GA-Events"", ""RoadwayName"": ""SR 101"", ""DirectionOfTravel"": ""s"", ""Description"": ""Road construction on SR 101 Southbound at W 5TH ST. Left lane blocked."", ""Reported"": 1754625600, ""LastUpdated"": 1758042201, ""StartDate"": 1754625600, ""PlannedEndDate"": 1761883200, ""LanesAffected"": ""Left lane blocked."", ""Latitude"": 34.256856, ""Longitude"": -85.178232, ""LatitudeSecondary"": 34.255536, ""LongitudeSecondary"": -85.177072, ""EventType"": ""roadwork"", ""IsFullClosure"": false, ""Severity"": ""2"", ""Comment"": null, ""EncodedPolyline"": ""cpapEtc{fO??}ApAcDlC"", ""Restrictions"": {""Width"": null, ""Height"": null, ""Length"": null, ""Weight"": null, ""Speed"": null}, ""DetourPolyline"": """", ""DetourInstructions"": """", ""Recurrence"": """", ""RecurrenceSchedules"": """", ""Subtype"": ""road construction""}"
2025-09-28T19:28:37+00:00,2555501,specialEvents,major event,Major event on SR 14 both directions at SR 138. All lanes closed.,,1759579200,1759593600,33.5744,-84.566448,All lanes closed.,SR 14,both directions,False,False,"{""ID"": 2555501, ""SourceId"": ""4894072"", ""Organization"": ""GA-Events"", ""RoadwayName"": ""SR 14"", ""DirectionOfTravel"": ""both directions"", ""Description"": ""Major event on SR 14 both directions at SR 138. All lanes closed."", ""Reported"": 1759579200, ""LastUpdated"": 1755028284, ""StartDate"": 1759579200, ""PlannedEndDate"": 1759593600, ""LanesAffected"": ""All lanes closed."", ""Latitude"": 33.5744, ""Longitude"": -84.566448, ""LatitudeSecondary"": 33.559704, ""LongitudeSecondary"": -84.588376, ""EventType"": ""specialEvents"", ""IsFullClosure"": false, ""Severity"": ""3"", ""Comment"": null, ""EncodedPolyline"": ""esykEjdhcO?A]q@kAsBm@eA_AaBS]g@q@}AmBy@{@e@c@c@[e@_@GEi@a@UQc@[u@k@cAw@w@k@wA_A{@i@w@g@mAu@OIy@i@s@e@o@e@qAaAKIu@u@cAiBEIYk@]}@c@uAGQUq@EMEKIUYw@M]IUm@_B]}@aAgC[{@oBiFGOCGe@oA_@_AUi@o@_Bg@yAc@mAKWo@gBSi@cAmCmBgF}@_C_BgEQc@[q@]s@i@eAe@}@a@s@Q[Oa@KWISIQ"", ""Restrictions"": {""Width"": null, ""Height"": null, ""Length"": null, ""Weight"": null, ""Speed"": null}, ""DetourPolyline"": """", ""DetourInstructions"": """", ""Recurrence"": ""10/4/2025 - 10/4/2025, 8:00 AM to 12:00 PM"", ""RecurrenceSchedules"": """", ""Subtype"": ""major event""}"
2025-09-28T19:28:37+00:00,2564129,closures,road construction,Road construction on BIG CEDAR RD both directions at SR 80. All lanes closed.,,1754971200,1772339400,33.64782,-82.675848,All lanes closed.,BIG CEDAR RD,both directions,False,False,"{""ID"": 2564129, ""SourceId"": ""4895905"", ""Organization"": ""GA-Events"", ""RoadwayName"": ""BIG CEDAR RD"", ""DirectionOfTravel"": ""both directions"", ""Description"": ""Road construction on BIG CEDAR RD both directions at SR 80. All lanes closed."", ""Reported"": 1754971200, ""LastUpdated"": 1755106272, ""StartDate"": 1754971200, ""PlannedEndDate"": 1772339400, ""LanesAffected"": ""All lanes closed."", ""Latitude"": 33.64782, ""Longitude"": -82.675848, ""LatitudeSecondary"": 33.66966, ""LongitudeSecondary"": -82.622752, ""EventType"": ""closures"", ""IsFullClosure"": true, ""Severity"": ""2"", ""Comment"": null, ""EncodedPolyline"": ""_zjlE`srwNKi@a@}HOcGDm\\ImASeB]sBw@yCsCuIy@uC_@qCWoDAkDPwCdAgIf@_DJ_@f@qB`HoPl@_CfBiJ|@}FHwDE{CUkC_@{Ba@oBo@sBiA}BqAsBkJaJqLuKw@_AoAmBw@iBcBmFsAkJk@qCi@eBu@qAkAsAyAuAoScKmBuAwAqA_EoE}BoD_LoPkBsBkAw@oAs@cGoBmBq@sHoCoAm@eAy@OO"", ""Restrictions"": {""Width"": null, ""Height"": null, ""Length"": null, ""Weight"": null, ""Speed"": null}, ""DetourPolyline"": """", ""DetourInstructions"": """", ""Recurrence"": """", ""RecurrenceSchedules"": """", ""Subtype"": ""road construction""}"
2025-09-28T19:28:37+00:00,2578737,specialEvents,major event,Major event on SR 18 both directions at SR 3 NORTH. All lanes closed.,,1759604400,1759626000,33.102086,-84.341656,All lanes closed.,SR 18,both directions,False,False,"{""ID"": 2578737, ""SourceId"": ""4898766"", ""Organization"": ""GA-Events"", ""RoadwayName"": ""SR 18"", ""DirectionOfTravel"": ""both directions"", ""Description"": ""Major event on SR 18 both directions at SR 3 NORTH. All lanes closed."", ""Reported"": 1759604400, ""LastUpdated"": 1755206303, ""StartDate"": 1759604400, ""PlannedEndDate"": 1759626000, ""LanesAffected"": ""All lanes closed."", ""Latitude"": 33.102086, ""Longitude"": -84.341656, ""LatitudeSecondary"": 33.102108, ""LongitudeSecondary"": -84.342712, ""EventType"": ""specialEvents"", ""IsFullClosure"": false, ""Severity"": ""2"", ""Comment"": null, ""EncodedPolyline"": ""cg`iE|dxaO?C@mE"", ""Restrictions"": {""Width"": null, ""Height"": null, ""Length"": null, ""Weight"": null, ""Speed"": null}, ""DetourPolyline"": """", ""DetourInstructions"": """", ""Recurrence"": ""10/4/2025 - 10/4/2025, 3:00 PM to 9:00 PM"", ""RecurrenceSchedules"": """", ""Subtype"": ""major event""}"
2025-09-28T19:28:37+00:00,2584114,accidentsAndIncidents,fire or containment contained,Fire or containment contained on SR 64 both directions at SR 168. No lanes blocked.,,1755263220,1759248900,31.163506,-83.087696,No lanes blocked.,SR 64,both directions,False,False,"{""ID"": 2584114, ""SourceId"": ""4899867"", ""Organization"": ""GA-Events"", ""RoadwayName"": ""SR 64"", ""DirectionOfTravel"": ""both directions"", ""Description"": ""Fire or containment contained on SR 64 both directions at SR 168. No lanes blocked."", ""Reported"": 1755263220, ""LastUpdated"": 1758559439, ""StartDate"": 1755263220, ""PlannedEndDate"": 1759248900, ""LanesAffected"": ""No lanes blocked."", ""Latitude"": 31.163506, ""Longitude"": -83.087696, ""LatitudeSecondary"": null, ""LongitudeSecondary"": null, ""EventType"": ""accidentsAndIncidents"", ""IsFullClosure"": false, ""Severity"": ""1"", ""Comment"": null, ""EncodedPolyline"": null, ""Restrictions"": {""Width"": null, ""Height"": null, ""Length"": null, ""Weight"": null, ""Speed"": null}, ""DetourPolyline"": """", ""DetourInstructions"": """", ""Recurrence"": """", ""RecurrenceSchedules"": """", ""Subtype"": ""fire or containment contained""}"
2025-09-28T19:28:37+00:00,2616924,roadwork,road maintenance operations,Road maintenance operations on SR 19 both directions past WALNUT ST. 2 lanes blocked.,,1755489600,1767070800,32.841626,-83.631768,2 lanes blocked.,SR 19,both directions,False,False,"{""ID"": 2616924, ""SourceId"": ""4906362"", ""Organization"": ""GA-Events"", ""RoadwayName"": ""SR 19"", ""DirectionOfTravel"": ""both directions"", ""Description"": ""Road maintenance operations on SR 19 both directions past WALNUT ST. 2 lanes blocked."", ""Reported"": 1755489600, ""LastUpdated"": 1757601376, ""StartDate"": 1755489600, ""PlannedEndDate"": 1767070800, ""LanesAffected"": ""2 lanes blocked."", ""Latitude"": 32.841626, ""Longitude"": -83.631768, ""LatitudeSecondary"": 32.839642, ""LongitudeSecondary"": -83.633368, ""EventType"": ""roadwork"", ""IsFullClosure"": false, ""Severity"": ""2"", ""Comment"": null, ""EncodedPolyline"": ""{imgEvjm}Nc@a@CC"", ""Restrictions"": {""Width"": null, ""Height"": null, ""Length"": null, ""Weight"": null, ""Speed"": null}, ""DetourPolyline"": """", ""DetourInstructions"": """", ""Recurrence"": """", ""RecurrenceSchedules"": """", ""Subtype"": ""road maintenance operations""}"
2025-09-28T19:28:37+00:00,2702564,specialEvents,major event,Major event on SR 9 Northbound at MAGNOLIA ST. All lanes closed.,,1764243000,1764255600,34.023228,-84.361568,All lanes closed.,SR 9,n,False,False,"{""ID"": 2702564, ""SourceId"": ""4924715"", ""Organization"": ""GA-Events"", ""RoadwayName"": ""SR 9"", ""DirectionOfTravel"": ""n"", ""Description"": ""Major event on SR 9 Northbound at MAGNOLIA ST. All lanes closed."", ""Reported"": 1764243000, ""LastUpdated"": 1756237300, ""StartDate"": 1764243000, ""PlannedEndDate"": 1764255600, ""LanesAffected"": ""All lanes closed."", ""Latitude"": 34.023228, ""Longitude"": -84.361568, ""LatitudeSecondary"": 34.023624, ""LongitudeSecondary"": -84.361576, ""EventType"": ""specialEvents"", ""IsFullClosure"": false, ""Severity"": ""2"", ""Comment"": null, ""EncodedPolyline"": ""cdtnExz{aO?E"", ""Restrictions"": {""Width"": null, ""Height"": null, ""Length"": null, ""Weight"": null, ""Speed"": null}, ""DetourPolyline"": """", ""DetourInstructions"": """", ""Recurrence"": ""11/27/2025 - 11/27/2025, 6:30 AM to 10:00 AM"", ""RecurrenceSchedules"": """", ""Subtype"": ""major event""}"
2025-09-28T19:28:37+00:00,2728748,closures,road construction,Road construction on SR 7 Southbound at ZEBULON ST . All lanes closed.,,1756440000,1767157200,33.113258,-84.205984,All lanes closed.,SR 7,s,False,False,"{""ID"": 2728748, ""SourceId"": ""4929668"", ""Organization"": ""GA-Events"", ""RoadwayName"": ""SR 7"", ""DirectionOfTravel"": ""s"", ""Description"": ""Road construction on SR 7 Southbound at ZEBULON ST . All lanes closed."", ""Reported"": 1756440000, ""LastUpdated"": 1756590436, ""StartDate"": 1756440000, ""PlannedEndDate"": 1767157200, ""LanesAffected"": ""All lanes closed."", ""Latitude"": 33.113258, ""Longitude"": -84.205984, ""LatitudeSecondary"": 33.10268, ""LongitudeSecondary"": -84.187712, ""EventType"": ""closures"", ""IsFullClosure"": true, ""Severity"": ""1"", ""Comment"": null, ""EncodedPolyline"": ""glbiEvn}`OTi@hAeCZu@tBqETg@d@eAfCuFpD_IlBcErAwChAcCd@aAVk@FQP]l@qAn@sAhByDjAeCJW`BoD|AiDhAeChAcCPa@rBkEjAgCpAqCh@kAnAoC"", ""Restrictions"": {""Width"": null, ""Height"": null, ""Length"": null, ""Weight"": null, ""Speed"": null}, ""DetourPolyline"": """", ""DetourInstructions"": """", ""Recurrence"": """", ""RecurrenceSchedules"": """", ""Subtype"": ""road construction""}"
2025-09-28T19:28:37+00:00,2728815,closures,road construction,Road construction on SR 7 Northbound at MAIN ST . All lanes closed.,,1756440000,1767157200,33.103122,-84.187112,All lanes closed.,SR 7,n,False,False,"{""ID"": 2728815, ""SourceId"": ""4929688"", ""Organization"": ""GA-Events"", ""RoadwayName"": ""SR 7"", ""DirectionOfTravel"": ""n"", ""Description"": ""Road construction on SR 7 Northbound at MAIN ST . All lanes closed."", ""Reported"": 1756440000, ""LastUpdated"": 1756810679, ""StartDate"": 1756440000, ""PlannedEndDate"": 1767157200, ""LanesAffected"": ""All lanes closed."", ""Latitude"": 33.103122, ""Longitude"": -84.187112, ""LatitudeSecondary"": 33.11316, ""LongitudeSecondary"": -84.204984, ""EventType"": ""closures"", ""IsFullClosure"": true, ""Severity"": ""1"", ""Comment"": null, ""EncodedPolyline"": ""kl`iEbyy`OcAxBm@pACFkAdCk@nAa@|@eAzByBxEMV}C|GiCxF_CdF}@lBmBdEm@lACFIVGPYj@i@jAkCpFeBtDqCfGQ^eDdHqCbG{@hB"", ""Restrictions"": {""Width"": null, ""Height"": null, ""Length"": null, ""Weight"": null, ""Speed"": null}, ""DetourPolyline"": """", ""DetourInstructions"": """", ""Recurrence"": """", ""RecurrenceSchedules"": """", ""Subtype"": ""road construction""}"
2025-09-28T19:28:37+00:00,2775069,closures,road construction,Road construction on CRAWFORD SMITHONIA RD/CR 310 both directions at BOWEN FARM RD. All lanes closed.,,1756807200,1770093000,33.99758,-83.187392,All lanes closed.,CRAWFORD SMITHONIA RD/CR 310,both directions,False,False,"{""ID"": 2775069, ""SourceId"": ""4938716"", ""Organization"": ""GA-Events"", ""RoadwayName"": ""CRAWFORD SMITHONIA RD/CR 310"", ""DirectionOfTravel"": ""both directions"", ""Description"": ""Road construction on CRAWFORD SMITHONIA RD/CR 310 both directions at BOWEN FARM RD. All lanes closed."", ""Reported"": 1756807200, ""LastUpdated"": 1756903986, ""StartDate"": 1756807200, ""PlannedEndDate"": 1770093000, ""LanesAffected"": ""All lanes closed."", ""Latitude"": 33.99758, ""Longitude"": -83.187392, ""LatitudeSecondary"": 33.99758, ""LongitudeSecondary"": -83.187392, ""EventType"": ""closures"", ""IsFullClosure"": true, ""Severity"": ""2"", ""Comment"": null, ""EncodedPolyline"": null, ""Restrictions"": {""Width"": null, ""Height"": null, ""Length"": null, ""Weight"": null, ""Speed"": null}, ""DetourPolyline"": """", ""DetourInstructions"": """", ""Recurrence"": """", ""RecurrenceSchedules"": """", ""Subtype"": ""road construction""}"
2025-09-28T19:28:37+00:00,2782472,specialEvents,major event,Major event on SR 138 Eastbound at GRESHAM ST. Right lane blocked.,,1760187600,1760198400,33.569416,-84.554776,Right lane blocked.,SR 138,e,False,False,"{""ID"": 2782472, ""SourceId"": ""4940432"", ""Organization"": ""GA-Events"", ""RoadwayName"": ""SR 138"", ""DirectionOfTravel"": ""e"", ""Description"": ""Major event on SR 138 Eastbound at GRESHAM ST. Right lane blocked."", ""Reported"": 1760187600, ""LastUpdated"": 1756970523, ""StartDate"": 1760187600, ""PlannedEndDate"": 1760198400, ""LanesAffected"": ""Right lane blocked."", ""Latitude"": 33.569416, ""Longitude"": -84.554776, ""LatitudeSecondary"": 33.57032, ""LongitudeSecondary"": -84.5446, ""EventType"": ""specialEvents"", ""IsFullClosure"": false, ""Severity"": ""2"", ""Comment"": null, ""EncodedPolyline"": ""ap{kElracOEOSo@Oe@IWI[GWG[Ie@Ik@Gg@Gm@Ek@Eu@Cm@Cw@C_AE}BIkDAk@GwCIqDG_CEkBAo@AsA?eA?w@"", ""Restrictions"": {""Width"": null, ""Height"": null, ""Length"": null, ""Weight"": null, ""Speed"": null}, ""DetourPolyline"": """", ""DetourInstructions"": """", ""Recurrence"": ""10/11/2025 - 10/11/2025, 9:00 AM to 12:00 PM"", ""RecurrenceSchedules"": """", ""Subtype"": ""major event""}"
2025-09-28T19:28:37+00:00,2784804,roadwork,road construction,Road construction on SR 29/US 441 Northbound before SR 112. Right lane blocked.,,1756872000,1782876600,32.683296,-83.079704,Right lane blocked.,SR 29/US 441,n,False,False,"{""ID"": 2784804, ""SourceId"": ""4940836"", ""Organization"": ""GA-Events"", ""RoadwayName"": ""SR 29/US 441"", ""DirectionOfTravel"": ""n"", ""Description"": ""Road construction on SR 29/US 441 Northbound before SR 112. Right lane blocked."", ""Reported"": 1756872000, ""LastUpdated"": 1756991900, ""StartDate"": 1756872000, ""PlannedEndDate"": 1782876600, ""LanesAffected"": ""Right lane blocked."", ""Latitude"": 32.683296, ""Longitude"": -83.079704, ""LatitudeSecondary"": 32.693168, ""LongitudeSecondary"": -83.099832, ""EventType"": ""roadwork"", ""IsFullClosure"": false, ""Severity"": ""2"", ""Comment"": null, ""EncodedPolyline"": ""qmnfEboazNsJfX_AnCe@rAeAzDoAzFy@tDq@`DOt@S|@Uz@Y~@Wt@Wr@[v@_@t@gAlBs@hAwAhBiAvAqA~AsApA"", ""Restrictions"": {""Width"": null, ""Height"": null, ""Length"": null, ""Weight"": null, ""Speed"": null}, ""DetourPolyline"": """", ""DetourInstructions"": """", ""Recurrence"": """", ""RecurrenceSchedules"": """", ""Subtype"": ""road construction""}"
2025-09-28T19:28:37+00:00,2784805,roadwork,road construction,Road construction on SR 29/US 441 Southbound before SR 112. Right lane blocked.,,1756872000,1782876600,32.693168,-83.099832,Right lane blocked.,SR 29/US 441,s,False,False,"{""ID"": 2784805, ""SourceId"": ""4940837"", ""Organization"": ""GA-Events"", ""RoadwayName"": ""SR 29/US 441"", ""DirectionOfTravel"": ""s"", ""Description"": ""Road construction on SR 29/US 441 Southbound before SR 112. Right lane blocked."", ""Reported"": 1756872000, ""LastUpdated"": 1756991898, ""StartDate"": 1756872000, ""PlannedEndDate"": 1782876600, ""LanesAffected"": ""Right lane blocked."", ""Latitude"": 32.693168, ""Longitude"": -83.099832, ""LatitudeSecondary"": 32.683296, ""LongitudeSecondary"": -83.079704, ""EventType"": ""roadwork"", ""IsFullClosure"": false, ""Severity"": ""2"", ""Comment"": null, ""EncodedPolyline"": ""ikpfE|lezNJ_AL_AJq@Ls@Lm@VcA^sAl@eBVw@b@aAhAyBp@eAp@}@vAgBx@_AhAsAdEwEpAyAt@aAp@cAj@_AhAyB\\u@Zy@Vw@Tu@Po@R{@R}@TkAdAcGDSrAsFh@uB^{A\\cA"", ""Restrictions"": {""Width"": null, ""Height"": null, ""Length"": null, ""Weight"": null, ""Speed"": null}, ""DetourPolyline"": """", ""DetourInstructions"": """", ""Recurrence"": """", ""RecurrenceSchedules"": """", ""Subtype"": ""road construction""}"
2025-09-28T19:28:37+00:00,2790936,accidentsAndIncidents,fire or containment contained,Fire or containment contained on SR 37 both directions at ROYALS RD. No lanes blocked.,,1757024640,1759352400,31.053962,-83.140944,No lanes blocked.,SR 37,both directions,False,False,"{""ID"": 2790936, ""SourceId"": ""4942202"", ""Organization"": ""GA-Events"", ""RoadwayName"": ""SR 37"", ""DirectionOfTravel"": ""both directions"", ""Description"": ""Fire or containment contained on SR 37 both directions at ROYALS RD. No lanes blocked."", ""Reported"": 1757024640, ""LastUpdated"": 1758748507, ""StartDate"": 1757024640, ""PlannedEndDate"": 1759352400, ""LanesAffected"": ""No lanes blocked."", ""Latitude"": 31.053962, ""Longitude"": -83.140944, ""LatitudeSecondary"": null, ""LongitudeSecondary"": null, ""EventType"": ""accidentsAndIncidents"", ""IsFullClosure"": false, ""Severity"": ""1"", ""Comment"": null, ""EncodedPolyline"": null, ""Restrictions"": {""Width"": null, ""Height"": null, ""Length"": null, ""Weight"": null, ""Speed"": null}, ""DetourPolyline"": """", ""DetourInstructions"": """", ""Recurrence"": """", ""RecurrenceSchedules"": """", ""Subtype"": ""fire or containment contained""}"
2025-09-28T19:28:37+00:00,2837654,roadwork,road construction,Road construction on I-95 Northbound before SR 25/US 17/Ocean Highway. Right lane blocked.,,1757458800,1760086800,31.924606,-81.33024,Right lane blocked.,I-95,n,False,False,"{""ID"": 2837654, ""SourceId"": ""4952116"", ""Organization"": ""GA-Events"", ""RoadwayName"": ""I-95"", ""DirectionOfTravel"": ""n"", ""Description"": ""Road construction on I-95 Northbound before SR 25/US 17/Ocean Highway. Right lane blocked."", ""Reported"": 1757458800, ""LastUpdated"": 1757927931, ""StartDate"": 1757458800, ""PlannedEndDate"": 1760086800, ""LanesAffected"": ""Right lane blocked."", ""Latitude"": 31.924606, ""Longitude"": -81.33024, ""LatitudeSecondary"": 31.92788, ""LongitudeSecondary"": -81.331104, ""EventType"": ""roadwork"", ""IsFullClosure"": false, ""Severity"": ""3"", ""Comment"": null, ""EncodedPolyline"": ""khzaEdwkoN}Cp@iE~@"", ""Restrictions"": {""Width"": null, ""Height"": null, ""Length"": null, ""Weight"": null, ""Speed"": null}, ""DetourPolyline"": """", ""DetourInstructions"": """", ""Recurrence"": """", ""RecurrenceSchedules"": """", ""Subtype"": ""road construction""}"
2025-09-28T19:28:37+00:00,2842954,roadwork,road construction,Road construction on SR 154 Eastbound at CANDLER RD. Right lane blocked.,,1757509200,1760212800,33.747132,-84.292048,Right lane blocked.,SR 154,e,False,False,"{""ID"": 2842954, ""SourceId"": ""4953188"", ""Organization"": ""GA-Events"", ""RoadwayName"": ""SR 154"", ""DirectionOfTravel"": ""e"", ""Description"": ""Road construction on SR 154 Eastbound at CANDLER RD. Right lane blocked."", ""Reported"": 1757509200, ""LastUpdated"": 1757527474, ""StartDate"": 1757509200, ""PlannedEndDate"": 1760212800, ""LanesAffected"": ""Right lane blocked."", ""Latitude"": 33.747132, ""Longitude"": -84.292048, ""LatitudeSecondary"": 33.748312, ""LongitudeSecondary"": -84.280168, ""EventType"": ""roadwork"", ""IsFullClosure"": false, ""Severity"": ""2"", ""Comment"": null, ""EncodedPolyline"": ""ef~lEfhnaO?yA?OAaDAkB?I?kCCqD?aB?_A?c@?SCiAAe@G}CEmBCc@A_@Iu@IeBWyCWgCGi@OoAUiBEWOeAYaB[iBIc@"", ""Restrictions"": {""Width"": null, ""Height"": null, ""Length"": null, ""Weight"": null, ""Speed"": null}, ""DetourPolyline"": """", ""DetourInstructions"": """", ""Recurrence"": """", ""RecurrenceSchedules"": """", ""Subtype"": ""road construction""}"
2025-09-28T19:28:37+00:00,2846363,closures,accident investigation work,Accident investigation work on SR 89/US 441 Northbound at NOBLES LN . All lanes closed.,,1757588400,1761267600,31.251406,-82.859432,All lanes closed.,SR 89/US 441,n,False,False,"{""ID"": 2846363, ""SourceId"": ""4954068"", ""Organization"": ""GA-Events"", ""RoadwayName"": ""SR 89/US 441"", ""DirectionOfTravel"": ""n"", ""Description"": ""Accident investigation work on SR 89/US 441 Northbound at NOBLES LN . All lanes closed."", ""Reported"": 1757588400, ""LastUpdated"": 1758718837, ""StartDate"": 1757588400, ""PlannedEndDate"": 1761267600, ""LanesAffected"": ""All lanes closed."", ""Latitude"": 31.251406, ""Longitude"": -82.859432, ""LatitudeSecondary"": 31.30785, ""LongitudeSecondary"": -82.849736, ""EventType"": ""closures"", ""IsFullClosure"": true, ""Severity"": ""3"", ""Comment"": null, ""EncodedPolyline"": ""gxv}DpnvxNC?gNp@aUfA_AD_CJsDP_Kf@qDRcAFoALu@DgOr@aI^gGZqCH}@?K?i@CwCOwCc@_HuBmIuCsE{A_DeA_Bg@c@OUISGSGYI[ISE[GOCi@I[EOCMCYGKCKCUGSGa@M_@M}@YuAe@}Ae@g@MSGe@O[M[OqAg@gAa@u@MeAQaCk@_BYeKaB_Ca@_[cFqB[cImAUEuDo@aCa@GAOCa@GkAOIAoB]gCe@wBYWCa@CE?_@CkCc@GAa@I}AUIAsB]OCGAkB[WEmAUi@IEAgB[{GiAqASu@M{AWUEgAQi@KUE{AYs@OEAOCkBc@_ASo@O}C{@OE"", ""Restrictions"": {""Width"": null, ""Height"": null, ""Length"": null, ""Weight"": null, ""Speed"": null}, ""DetourPolyline"": """", ""DetourInstructions"": """", ""Recurrence"": """", ""RecurrenceSchedules"": """", ""Subtype"": ""accident investigation work""}"
2025-09-28T19:28:37+00:00,2847224,specialEvents,major event,Major event on SR 224 Westbound at BOUTWELL RD . Right lane blocked.,,1762864200,1762878600,32.412892,-83.660376,Right lane blocked.,SR 224,w,False,False,"{""ID"": 2847224, ""SourceId"": ""4954320"", ""Organization"": ""GA-Events"", ""RoadwayName"": ""SR 224"", ""DirectionOfTravel"": ""w"", ""Description"": ""Major event on SR 224 Westbound at BOUTWELL RD . Right lane blocked."", ""Reported"": 1762864200, ""LastUpdated"": 1757566803, ""StartDate"": 1762864200, ""PlannedEndDate"": 1762878600, ""LanesAffected"": ""Right lane blocked."", ""Latitude"": 32.412892, ""Longitude"": -83.660376, ""LatitudeSecondary"": 32.43275, ""LongitudeSecondary"": -83.720592, ""EventType"": ""specialEvents"", ""IsFullClosure"": false, ""Severity"": ""2"", ""Comment"": null, ""EncodedPolyline"": ""utydEj|r}N?ZBrHAdEEhOC~REtT?rI?j@?nCEvCCnBMhD]bF]hDoApJuBxOoCnSmCfSUhB_@lCy@dGoAnJiApIg@lDKn@QjAKl@a@nBc@lBu@xCw@dCm@`B_@dA]~@s@|Ay@dBaIvPaDxGuD|He@`Ag@bAc@`Am@nAaCbFs@tAuA~BcAxA{@`A_AjA}ApBc@h@q@x@IJ}DzEeBvBqCtCyE~Em@n@oCtCuA~AgAlAQTaBjB"", ""Restrictions"": {""Width"": null, ""Height"": null, ""Length"": null, ""Weight"": null, ""Speed"": null}, ""DetourPolyline"": """", ""DetourInstructions"": """", ""Recurrence"": ""11/11/2025 - 11/11/2025, 7:30 AM to 11:30 AM"", ""RecurrenceSchedules"": """", ""Subtype"": ""major event""}"
2025-09-28T19:28:37+00:00,2847233,specialEvents,major event,Major event on SR 224 Eastbound at PERRY PKWY . Right lane blocked.,,1762864200,1762878600,32.43275,-83.720592,Right lane blocked.,SR 224,e,False,False,"{""ID"": 2847233, ""SourceId"": ""4954321"", ""Organization"": ""GA-Events"", ""RoadwayName"": ""SR 224"", ""DirectionOfTravel"": ""e"", ""Description"": ""Major event on SR 224 Eastbound at PERRY PKWY . Right lane blocked."", ""Reported"": 1762864200, ""LastUpdated"": 1757567069, ""StartDate"": 1762864200, ""PlannedEndDate"": 1762878600, ""LanesAffected"": ""Right lane blocked."", ""Latitude"": 32.43275, ""Longitude"": -83.720592, ""LatitudeSecondary"": 32.412892, ""LongitudeSecondary"": -83.660376, ""EventType"": ""specialEvents"", ""IsFullClosure"": false, ""Severity"": ""2"", ""Comment"": null, ""EncodedPolyline"": ""wn}dEpu~}NJMhC{C|AgBJMfAiAfAmAJKv@w@`FkF~DkE\\_@nDmEtAeBjDkEzAmB|@kAn@eA^m@t@wAlAcC^u@`@}@n@sA`AsB~EeKpGcNn@sAzCoGpAuCf@iAZs@|@gCRo@h@_B\\kAFWd@eB`@iBz@yE~@uGfAiIZyBf@_EBS@EFe@RyAX_Ct@uF`@yCzBsPrA{Jj@cE@Kl@oE~@cHxA_L`@_EVeENiEFoE@wD@iKF}{@"", ""Restrictions"": {""Width"": null, ""Height"": null, ""Length"": null, ""Weight"": null, ""Speed"": null}, ""DetourPolyline"": """", ""DetourInstructions"": """", ""Recurrence"": ""11/11/2025 - 11/11/2025, 7:30 AM to 11:30 AM"", ""RecurrenceSchedules"": """", ""Subtype"": ""major event""}"
2025-09-28T19:28:37+00:00,2856281,specialEvents,major event,Major event on SR 16 both directions at PARK AVE. All lanes closed.,,1764977400,1764986400,33.294498,-83.960072,All lanes closed.,SR 16,both directions,False,False,"{""ID"": 2856281, ""SourceId"": ""4956356"", ""Organization"": ""GA-Events"", ""RoadwayName"": ""SR 16"", ""DirectionOfTravel"": ""both directions"", ""Description"": ""Major event on SR 16 both directions at PARK AVE. All lanes closed."", ""Reported"": 1764977400, ""LastUpdated"": 1757634637, ""StartDate"": 1764977400, ""PlannedEndDate"": 1764986400, ""LanesAffected"": ""All lanes closed."", ""Latitude"": 33.294498, ""Longitude"": -83.960072, ""LatitudeSecondary"": 33.29417, ""LongitudeSecondary"": -83.973976, ""EventType"": ""specialEvents"", ""IsFullClosure"": false, ""Severity"": ""3"", ""Comment"": null, ""EncodedPolyline"": ""owejEjdp_O?OC_BAy@CiACeBCw@A]Aa@As@C}@C{@Cs@?IAoAAgA?_@?MA_BAsA?gA?K?a@?[?yA?K?yA?uACsAAs@AU?WA}B?c@?c@?SAaC?m@AsA?O?YA}A?q@?[AwAAkB?e@?K?_@?K?a@"", ""Restrictions"": {""Width"": null, ""Height"": null, ""Length"": null, ""Weight"": null, ""Speed"": null}, ""DetourPolyline"": """", ""DetourInstructions"": """", ""Recurrence"": ""12/5/2025 - 12/5/2025, 6:30 PM to 9:00 PM"", ""RecurrenceSchedules"": """", ""Subtype"": ""major event""}"
2025-09-28T19:28:37+00:00,2896992,closures,road construction,Road construction on LORD RD both directions at ALICE BREWER RD . All lanes closed.,,1758024000,1790805600,32.472378,-83.145848,All lanes closed.,LORD RD,both directions,False,False,"{""ID"": 2896992, ""SourceId"": ""4965931"", ""Organization"": ""GA-Events"", ""RoadwayName"": ""LORD RD"", ""DirectionOfTravel"": ""both directions"", ""Description"": ""Road construction on LORD RD both directions at ALICE BREWER RD . All lanes closed."", ""Reported"": 1758024000, ""LastUpdated"": 1758067954, ""StartDate"": 1758024000, ""PlannedEndDate"": 1790805600, ""LanesAffected"": ""All lanes closed."", ""Latitude"": 32.472378, ""Longitude"": -83.145848, ""LatitudeSecondary"": 32.493526, ""LongitudeSecondary"": -83.12368, ""EventType"": ""closures"", ""IsFullClosure"": true, ""Severity"": ""2"", ""Comment"": null, ""EncodedPolyline"": ""cgeeEjlnzNEEyAqBgCuDeFuIiFuIuEaIgBeDy@{BQcAY_Bk@{EMsBCcDV{U@uCCmAMuAwCgP_AsDs@qBkB}CgFeIwAwBmAyBeEqIk@_A_BuAaBcAcBa@uBU}@@{@BgB^mBt@"", ""Restrictions"": {""Width"": null, ""Height"": null, ""Length"": null, ""Weight"": null, ""Speed"": null}, ""DetourPolyline"": """", ""DetourInstructions"": """", ""Recurrence"": """", ""RecurrenceSchedules"": """", ""Subtype"": ""road construction""}"
2025-09-28T19:28:37+00:00,2902113,accidentsAndIncidents,accident investigation work,Accident investigation work on I-16 Westbound at SR 87/US 23/US 129. Left lane blocked.,,1758232800,1764500400,32.798028,-83.568848,Left lane blocked.,I-16,w,False,False,"{""ID"": 2902113, ""SourceId"": ""4967026"", ""Organization"": ""GA-Events"", ""RoadwayName"": ""I-16"", ""DirectionOfTravel"": ""w"", ""Description"": ""Accident investigation work on I-16 Westbound at SR 87/US 23/US 129. Left lane blocked."", ""Reported"": 1758232800, ""LastUpdated"": 1758129062, ""StartDate"": 1758232800, ""PlannedEndDate"": 1764500400, ""LanesAffected"": ""Left lane blocked."", ""Latitude"": 32.798028, ""Longitude"": -83.568848, ""LatitudeSecondary"": 32.8, ""LongitudeSecondary"": -83.569544, ""EventType"": ""accidentsAndIncidents"", ""IsFullClosure"": false, ""Severity"": ""1"", ""Comment"": null, ""EncodedPolyline"": ""c}dgEx|`}Nq@`@"", ""Restrictions"": {""Width"": null, ""Height"": null, ""Length"": null, ""Weight"": null, ""Speed"": null}, ""DetourPolyline"": """", ""DetourInstructions"": """", ""Recurrence"": ""9/18/2025 - 11/30/2025, 6:00 PM to 6:00 AM"", ""RecurrenceSchedules"": """", ""Subtype"": ""accident investigation work""}"
2025-09-28T19:28:37+00:00,2920439,closures,road construction,Road construction on SR 42 both directions at SR 74. All lanes closed.,,1758081600,1798693200,32.875828,-83.995008,All lanes closed.,SR 42,both directions,False,False,"{""ID"": 2920439, ""SourceId"": ""4971224"", ""Organization"": ""GA-Events"", ""RoadwayName"": ""SR 42"", ""DirectionOfTravel"": ""both directions"", ""Description"": ""Road construction on SR 42 both directions at SR 74. All lanes closed."", ""Reported"": 1758081600, ""LastUpdated"": 1758294735, ""StartDate"": 1758081600, ""PlannedEndDate"": 1798693200, ""LanesAffected"": ""All lanes closed."", ""Latitude"": 32.875828, ""Longitude"": -83.995008, ""LatitudeSecondary"": 32.875828, ""LongitudeSecondary"": -83.995008, ""EventType"": ""closures"", ""IsFullClosure"": true, ""Severity"": ""2"", ""Comment"": null, ""EncodedPolyline"": null, ""Restrictions"": {""Width"": null, ""Height"": null, ""Length"": null, ""Weight"": null, ""Speed"": null}, ""DetourPolyline"": """", ""DetourInstructions"": """", ""Recurrence"": """", ""RecurrenceSchedules"": """", ""Subtype"": ""road construction""}"
2025-09-28T19:28:37+00:00,2962919,accidentsAndIncidents,road surface collapse,Road surface collapse on SR 9 Southbound before ANDREWS DR. Right lane blocked.,,1758670980,1759104780,33.829628,-84.387408,Right lane blocked.,SR 9,s,False,False,"{""ID"": 2962919, ""SourceId"": ""4980135"", ""Organization"": ""GA-Events"", ""RoadwayName"": ""SR 9"", ""DirectionOfTravel"": ""s"", ""Description"": ""Road surface collapse on SR 9 Southbound before ANDREWS DR. Right lane blocked."", ""Reported"": 1758670980, ""LastUpdated"": 1759018658, ""StartDate"": 1758670980, ""PlannedEndDate"": 1759104780, ""LanesAffected"": ""Right lane blocked."", ""Latitude"": 33.829628, ""Longitude"": -84.387408, ""LatitudeSecondary"": null, ""LongitudeSecondary"": null, ""EventType"": ""accidentsAndIncidents"", ""IsFullClosure"": false, ""Severity"": ""1"", ""Comment"": null, ""EncodedPolyline"": null, ""Restrictions"": {""Width"": null, ""Height"": null, ""Length"": null, ""Weight"": null, ""Speed"": null}, ""DetourPolyline"": """", ""DetourInstructions"": """", ""Recurrence"": """", ""RecurrenceSchedules"": """", ""Subtype"": ""road surface collapse""}"
2025-09-28T19:28:37+00:00,2966644,specialEvents,major event,Major event on SR 9/ OLD MILTON PKWY both directions at ALPHARETTA HWY. All lanes closed.,,1760104800,1760288400,34.07116,-84.296688,All lanes closed.,SR 9/ OLD MILTON PKWY,both directions,False,False,"{""ID"": 2966644, ""SourceId"": ""4980804"", ""Organization"": ""GA-Events"", ""RoadwayName"": ""SR 9/ OLD MILTON PKWY"", ""DirectionOfTravel"": ""both directions"", ""Description"": ""Major event on SR 9/ OLD MILTON PKWY both directions at ALPHARETTA HWY. All lanes closed."", ""Reported"": 1760104800, ""LastUpdated"": 1758723298, ""StartDate"": 1760104800, ""PlannedEndDate"": 1760288400, ""LanesAffected"": ""All lanes closed."", ""Latitude"": 34.07116, ""Longitude"": -84.296688, ""LatitudeSecondary"": 34.075596, ""LongitudeSecondary"": -84.29468, ""EventType"": ""specialEvents"", ""IsFullClosure"": false, ""Severity"": ""2"", ""Comment"": null, ""EncodedPolyline"": ""ko}nEheoaOBy@DaA"", ""Restrictions"": {""Width"": null, ""Height"": null, ""Length"": null, ""Weight"": null, ""Speed"": null}, ""DetourPolyline"": """", ""DetourInstructions"": """", ""Recurrence"": ""10/10/2025 - 10/12/2025, 10:00 AM to 1:00 PM"", ""RecurrenceSchedules"": """", ""Subtype"": ""major event""}"
2025-09-28T19:28:37+00:00,2968375,specialEvents,major event,Major event on SR 49 both directions at COLLEGE ST. All lanes closed.,,1760562000,1760572800,32.55154,-83.888008,All lanes closed.,SR 49,both directions,False,False,"{""ID"": 2968375, ""SourceId"": ""4981197"", ""Organization"": ""GA-Events"", ""RoadwayName"": ""SR 49"", ""DirectionOfTravel"": ""both directions"", ""Description"": ""Major event on SR 49 both directions at COLLEGE ST. All lanes closed."", ""Reported"": 1760562000, ""LastUpdated"": 1758733267, ""StartDate"": 1760562000, ""PlannedEndDate"": 1760572800, ""LanesAffected"": ""All lanes closed."", ""Latitude"": 32.55154, ""Longitude"": -83.888008, ""LatitudeSecondary"": 32.555932, ""LongitudeSecondary"": -83.885216, ""EventType"": ""specialEvents"", ""IsFullClosure"": false, ""Severity"": ""2"", ""Comment"": null, ""EncodedPolyline"": ""avteE|j__OCAw@e@uDyB}@k@kBiAw@e@cAc@k@We@UOIqAo@"", ""Restrictions"": {""Width"": null, ""Height"": null, ""Length"": null, ""Weight"": null, ""Speed"": null}, ""DetourPolyline"": """", ""DetourInstructions"": """", ""Recurrence"": ""10/15/2025 - 10/15/2025, 5:00 PM to 8:00 PM"", ""RecurrenceSchedules"": """", ""Subtype"": ""major event""}"
2025-09-28T19:28:37+00:00,2995215,accidentsAndIncidents,accident investigation work,Accident investigation work on SR 74 Northbound at WESTPARK DR. Right lane blocked.,,1759104000,1784800800,33.40007,-84.59556,Right lane blocked.,SR 74,n,False,False,"{""ID"": 2995215, ""SourceId"": ""4986827"", ""Organization"": ""GA-Events"", ""RoadwayName"": ""SR 74"", ""DirectionOfTravel"": ""n"", ""Description"": ""Accident investigation work on SR 74 Northbound at WESTPARK DR. Right lane blocked."", ""Reported"": 1759104000, ""LastUpdated"": 1758952158, ""StartDate"": 1759104000, ""PlannedEndDate"": 1784800800, ""LanesAffected"": ""Right lane blocked."", ""Latitude"": 33.40007, ""Longitude"": -84.59556, ""LatitudeSecondary"": 33.39571, ""LongitudeSecondary"": -84.588808, ""EventType"": ""accidentsAndIncidents"", ""IsFullClosure"": false, ""Severity"": ""1"", ""Comment"": null, ""EncodedPolyline"": ""gmzjEjqicOBE|@yABE|@}ApAaCXk@j@kA`@y@t@_B\\i@Vc@t@aB|@cBPc@vAkCR_@T[hBoCdAaB"", ""Restrictions"": {""Width"": null, ""Height"": null, ""Length"": null, ""Weight"": null, ""Speed"": null}, ""DetourPolyline"": """", ""DetourInstructions"": """", ""Recurrence"": """", ""RecurrenceSchedules"": """", ""Subtype"": ""accident investigation work""}"
2025-09-28T19:28:37+00:00,2995216,accidentsAndIncidents,accident investigation work,Accident investigation work on SR 74 Southbound at CLOVER REACH DR. Right lane blocked.,,1759104000,1784800800,33.39571,-84.588808,Right lane blocked.,SR 74,s,False,False,"{""ID"": 2995216, ""SourceId"": ""4986828"", ""Organization"": ""GA-Events"", ""RoadwayName"": ""SR 74"", ""DirectionOfTravel"": ""s"", ""Description"": ""Accident investigation work on SR 74 Southbound at CLOVER REACH DR. Right lane blocked."", ""Reported"": 1759104000, ""LastUpdated"": 1758952159, ""StartDate"": 1759104000, ""PlannedEndDate"": 1784800800, ""LanesAffected"": ""Right lane blocked."", ""Latitude"": 33.39571, ""Longitude"": -84.588808, ""LatitudeSecondary"": 33.40007, ""LongitudeSecondary"": -84.59556, ""EventType"": ""accidentsAndIncidents"", ""IsFullClosure"": false, ""Severity"": ""1"", ""Comment"": null, ""EncodedPolyline"": ""gmzjEjqicOBE|@yABE|@}ApAaCXk@j@kA`@y@t@_B\\i@Vc@t@aB|@cBPc@vAkCR_@T[hBoC"", ""Restrictions"": {""Width"": null, ""Height"": null, ""Length"": null, ""Weight"": null, ""Speed"": null}, ""DetourPolyline"": """", ""DetourInstructions"": """", ""Recurrence"": """", ""RecurrenceSchedules"": """", ""Subtype"": ""accident investigation work""}"
2025-09-28T19:28:37+00:00,3005205,roadwork,road construction,Road construction on I-85 Northbound at SR 139/Riverdale Rd. Right lane blocked.,,1759064400,1759089600,33.629488,-84.45592,Right lane blocked.,I-85,n,False,False,"{""ID"": 3005205, ""SourceId"": ""4988523"", ""Organization"": ""GA-Events"", ""RoadwayName"": ""I-85"", ""DirectionOfTravel"": ""n"", ""Description"": ""Road construction on I-85 Northbound at SR 139/Riverdale Rd. Right lane blocked."", ""Reported"": 1759064400, ""LastUpdated"": 1759063957, ""StartDate"": 1759064400, ""PlannedEndDate"": 1759089600, ""LanesAffected"": ""Right lane blocked."", ""Latitude"": 33.629488, ""Longitude"": -84.45592, ""LatitudeSecondary"": 33.641412, ""LongitudeSecondary"": -84.453336, ""EventType"": ""roadwork"", ""IsFullClosure"": false, ""Severity"": ""2"", ""Comment"": null, ""EncodedPolyline"": ""kgglEtgnbOA?e@B_@BWBi@F_@Dw@Lo@Jq@JwAVmCb@yAVuCf@WDi@H_@FYD]Dc@De@DWBc@B_@@g@?g@?[?c@Ak@CSAQCc@Ga@Go@Km@Mi@M_@Ka@M]Mc@QQIWMe@Wa@Ym@a@i@a@e@_@gAcAe@c@c@c@QQ"", ""Restrictions"": {""Width"": null, ""Height"": null, ""Length"": null, ""Weight"": null, ""Speed"": null}, ""DetourPolyline"": """", ""DetourInstructions"": """", ""Recurrence"": """", ""RecurrenceSchedules"": """", ""Subtype"": ""road construction""}"
2025-09-28T19:28:37+00:00,3006965,closures,road construction,Road construction on ENGLAND CHAPEL RD both directions at SR 16. All lanes closed.,,1759060800,1780261200,33.28149,-84.043264,All lanes closed.,ENGLAND CHAPEL RD,both directions,False,False,"{""ID"": 3006965, ""SourceId"": ""4988817"", ""Organization"": ""GA-Events"", ""RoadwayName"": ""ENGLAND CHAPEL RD"", ""DirectionOfTravel"": ""both directions"", ""Description"": ""Road construction on ENGLAND CHAPEL RD both directions at SR 16. All lanes closed."", ""Reported"": 1759060800, ""LastUpdated"": 1759076453, ""StartDate"": 1759060800, ""PlannedEndDate"": 1780261200, ""LanesAffected"": ""All lanes closed."", ""Latitude"": 33.28149, ""Longitude"": -84.043264, ""LatitudeSecondary"": 33.301498, ""LongitudeSecondary"": -84.043056, ""EventType"": ""closures"", ""IsFullClosure"": true, ""Severity"": ""2"", ""Comment"": null, ""EncodedPolyline"": ""ihcjEdu}_Oc@?_H?}@?y@Aq@A_DAsICW?gB@qB?cJ?eCCW?sBBsA@mAAuAA_CCeBAY?e@@s@@c@@e@Bc@@uBBq@?y@As@A[AQA]CYCYC_@C[Aa@?uAAuECuBCiAAiAC}A?uA?qB@y@@"", ""Restrictions"": {""Width"": null, ""Height"": null, ""Length"": null, ""Weight"": null, ""Speed"": null}, ""DetourPolyline"": """", ""DetourInstructions"": """", ""Recurrence"": """", ""RecurrenceSchedules"": """", ""Subtype"": ""road construction""}"
2025-09-28T19:28:37+00:00,3007285,accidentsAndIncidents,crash,Crash on I-95 Southbound past SR 27/US 341. No lanes blocked.,,1759077900,1759089600,31.197934,-81.53812,No lanes blocked.,I-95,s,False,False,"{""ID"": 3007285, ""SourceId"": ""4988891"", ""Organization"": ""GA-Events"", ""RoadwayName"": ""I-95"", ""DirectionOfTravel"": ""s"", ""Description"": ""Crash on I-95 Southbound past SR 27/US 341. No lanes blocked."", ""Reported"": 1759077900, ""LastUpdated"": 1759087373, ""StartDate"": 1759077900, ""PlannedEndDate"": 1759089600, ""LanesAffected"": ""No lanes blocked."", ""Latitude"": 31.197934, ""Longitude"": -81.53812, ""LatitudeSecondary"": null, ""LongitudeSecondary"": null, ""EventType"": ""accidentsAndIncidents"", ""IsFullClosure"": false, ""Severity"": ""1"", ""Comment"": null, ""EncodedPolyline"": null, ""Restrictions"": {""Width"": null, ""Height"": null, ""Length"": null, ""Weight"": null, ""Speed"": null}, ""DetourPolyline"": """", ""DetourInstructions"": """", ""Recurrence"": """", ""RecurrenceSchedules"": """", ""Subtype"": ""crash""}"
2025-09-28T19:28:37+00:00,3008042,accidentsAndIncidents,crash,Crash on I-20 Westbound at Lee St  WB only . No lanes blocked.,,1759081800,1759088700,33.742016,-84.41896,No lanes blocked.,I-20,w,False,False,"{""ID"": 3008042, ""SourceId"": ""4989018"", ""Organization"": ""GA-Events"", ""RoadwayName"": ""I-20"", ""DirectionOfTravel"": ""w"", ""Description"": ""Crash on I-20 Westbound at Lee St  WB only . No lanes blocked."", ""Reported"": 1759081800, ""LastUpdated"": 1759087086, ""StartDate"": 1759081800, ""PlannedEndDate"": 1759088700, ""LanesAffected"": ""No lanes blocked."", ""Latitude"": 33.742016, ""Longitude"": -84.41896, ""LatitudeSecondary"": null, ""LongitudeSecondary"": null, ""EventType"": ""accidentsAndIncidents"", ""IsFullClosure"": false, ""Severity"": ""1"", ""Comment"": null, ""EncodedPolyline"": null, ""Restrictions"": {""Width"": null, ""Height"": null, ""Length"": null, ""Weight"": null, ""Speed"": null}, ""DetourPolyline"": """", ""DetourInstructions"": """", ""Recurrence"": """", ""RecurrenceSchedules"": """", ""Subtype"": ""crash""}"
2025-09-28T19:28:37+00:00,3008973,accidentsAndIncidents,brush fire,Brush fire on I-75 Southbound before SR 257  Exit 102 . Right lane blocked.,,1759085580,1759087560,31.974548,-83.753792,Right lane blocked.,I-75,s,False,False,"{""ID"": 3008973, ""SourceId"": ""4989181"", ""Organization"": ""GA-Events"", ""RoadwayName"": ""I-75"", ""DirectionOfTravel"": ""s"", ""Description"": ""Brush fire on I-75 Southbound before SR 257  Exit 102 . Right lane blocked."", ""Reported"": 1759085580, ""LastUpdated"": 1759086541, ""StartDate"": 1759085580, ""PlannedEndDate"": 1759087560, ""LanesAffected"": ""Right lane blocked."", ""Latitude"": 31.974548, ""Longitude"": -83.753792, ""LatitudeSecondary"": null, ""LongitudeSecondary"": null, ""EventType"": ""accidentsAndIncidents"", ""IsFullClosure"": false, ""Severity"": ""1"", ""Comment"": null, ""EncodedPolyline"": null, ""Restrictions"": {""Width"": null, ""Height"": null, ""Length"": null, ""Weight"": null, ""Speed"": null}, ""DetourPolyline"": """", ""DetourInstructions"": """", ""Recurrence"": """", ""RecurrenceSchedules"": """", ""Subtype"": ""brush fire""}"
