{
  "ROC_AUC": 0.9997761080490453,
  "PR_AUC": 0.9989212204651922
}